x,y,Side,Balls,Strikes
0.83,2.5,L,0,0
0.82918393356,2.7630105746,L,0,0
0.826733574925,2.857588104,L,0,0
0.822642373497,2.92757248084,L,0,0
0.816899165026,2.98489323008,L,0,0
0.809487785903,3.03403288929,L,0,0
0.800386499717,3.0772332008,L,0,0
0.789567198156,3.1157942596,L,0,0
0.776994320198,3.15054277596,L,0,0
0.762623408149,3.18203854879,L,0,0
0.746399182132,3.21067826961,L,0,0
0.728252959271,3.23675280883,L,0,0
0.70809915816,3.2604811221,L,0,0
0.685830492842,3.28203144338,L,0,0
0.66131123579,3.30153512188,L,0,0
0.634367545267,3.31909598271,L,0,0
0.604773167084,3.3347968466,L,0,0
0.572227535156,3.34870418084,L,0,0
0.536320734925,3.36087148209,L,0,0
0.496474307489,3.37134177392,L,0,0
0.451833985599,3.38014947023,L,0,0
0.401056337746,3.38732177261,L,0,0
0.341824896866,3.39287971629,L,0,0
0.269507707467,3.39683894348,L,0,0
0.17177759375,3.39921025828,L,0,0
-0.100000001832,3.4,L,0,0
-0.287121513577,3.3989847451,L,0,0
-0.377747830217,3.39593782542,L,0,0
-0.449507428121,3.39085571569,L,0,0
-0.510868813768,3.38373233618,L,0,0
-0.565160408485,3.37455873369,L,0,0
-0.614089119142,3.36332260873,L,0,0
-0.658659053082,3.35000765899,L,0,0
-0.69951293176,3.33459269542,L,0,0
-0.737086214889,3.31705046755,L,0,0
-0.771686091227,3.29734610631,L,0,0
-0.803535788699,3.27543505088,L,0,0
-0.832801175477,3.25126026111,L,0,0
-0.859607597347,3.22474841531,L,0,0
-0.88405099589,3.19580462619,L,0,0
-0.906205507493,3.16430492539,L,0,0
-0.926128806079,3.13008526747,L,0,0
-0.943865947595,3.09292487756,L,0,0
-0.959452188529,3.05251994261,L,0,0
-0.972915082157,3.00843978816,L,0,0
-0.984276052952,2.96004875564,L,0,0
-0.993551584356,2.90635377186,L,0,0
-1.00075411253,2.84566668715,L,0,0
-1.00589269014,2.77469565626,L,0,0
-1.00897346449,2.68506523321,L,0,0
-1.01,2.49999995311,L,0,0
-1.00910171808,2.26696026017,L,0,0
-1.00640508833,2.17075736347,L,0,0
-1.00190469138,2.0974256603,L,0,0
-0.995591265997,2.03622000538,L,0,0
-0.987451351424,1.98301953767,L,0,0
-0.977466756045,1.9357386017,L,0,0
-0.965613818135,1.8931585798,L,0,0
-0.951862407754,1.85450115978,L,0,0
-0.936174596067,1.8192382245,L,0,0
-0.918502885176,1.78699546656,L,0,0
-0.898787841885,1.75749881567,L,0,0
-0.876954902403,1.73054253404,L,0,0
-0.852909993571,1.70596916568,L,0,0
-0.826533416926,1.68365638137,L,0,0
-0.797671102615,1.66350804042,L,0,0
-0.766121737314,1.64544794028,L,0,0
-0.731617144735,1.62941534153,L,0,0
-0.693791067081,1.61536170235,L,0,0
-0.652126744578,1.60324826031,L,0,0
-0.605862602929,1.59304422327,L,0,0
-0.553806231294,1.58472540948,L,0,0
-0.493916827019,1.57827322749,L,0,0
-0.422162149724,1.57367392071,L,0,0
-0.328028132524,1.57091802438,L,0,0
-0.10000000003,1.57,L,0,0
0.0469193504173,1.57122383109,L,0,0
0.132913026243,1.57489533286,L,0,0
0.204532608748,1.58101458239,L,0,0
0.267780217595,1.58958188271,L,0,0
0.325080508352,1.60059803463,L,0,0
0.377689987173,1.61406473834,L,0,0
0.426347589774,1.62998514842,L,0,0
0.471522025739,1.64836461713,L,0,0
0.513525427715,1.66921167615,L,0,0
0.552572455641,1.6925393291,L,0,0
0.588813871987,1.71836675993,L,0,0
0.622356925755,1.74672161238,L,0,0
0.653278387624,1.77764307424,L,0,0
0.681633240075,1.81118612801,L,0,0
0.707460670903,1.84742754436,L,0,0
0.73078832385,1.88647457228,L,0,0
0.751635382871,1.92847797426,L,0,0
0.770014851581,1.97365241023,L,0,0
0.785935261659,2.02231001283,L,0,0
0.799401965368,2.07491949165,L,0,0
0.81041811729,2.13221978241,L,0,0
0.818985417609,2.19546739125,L,0,0
0.82510466714,2.26708697376,L,0,0
0.828776168913,2.35308064958,L,0,0
0.83,2.49999999959,L,0,0
0.8,2.5,L,0,1
0.798984745104,2.68095267247,L,0,1
0.795937825417,2.76859130834,L,0,1
0.790855715689,2.83798520522,L,0,1
0.783732336176,2.89732368804,L,0,1
0.774558733689,2.94982544996,L,0,1
0.763322608727,2.9971411262,L,0,1
0.750007658985,3.04024172166,L,0,1
0.734592695423,3.07974876917,L,0,1
0.717050467551,3.11608337264,L,0,1
0.697346106311,3.14954259371,L,0,1
0.675435050881,3.18034230116,L,0,1
0.651260261112,3.20864289497,L,0,1
0.624748415307,3.23456558864,L,0,1
0.595804626185,3.25820316086,L,0,1
0.56430492539,3.27962730395,L,0,1
0.530085267473,3.29889379049,L,0,1
0.492924877564,3.31604619108,L,0,1
0.452519942609,3.3311185999,L,0,1
0.408439788162,3.34413766187,L,0,1
0.360048755645,3.35512409516,L,0,1
0.306353771859,3.36409383982,L,0,1
0.245666687153,3.37105892201,L,0,1
0.174695656258,3.37602809596,L,0,1
0.0850652332079,3.37900730632,L,0,1
-0.100000000012,3.38,L,0,1
-0.221852819863,3.37875930793,L,0,1
-0.299638489548,3.37503792426,L,0,1
-0.366073391029,3.36883788313,L,0,1
-0.42569410988,3.36016242732,L,0,1
-0.48035082341,3.34901577924,L,0,1
-0.531001663854,3.33540280343,L,0,1
-0.578205407632,3.31932854179,L,0,1
-0.622310944426,3.30079759378,L,0,1
-0.663545117935,3.2798133017,L,0,1
-0.702058754647,3.2563766835,L,0,1
-0.737952987035,3.23048502995,L,0,1
-0.771295333776,3.20213004342,L,0,1
-0.802130043422,3.17129533378,L,0,1
-0.830485029951,3.13795298704,L,0,1
-0.856376683499,3.10205875465,L,0,1
-0.879813301703,3.06354511793,L,0,1
-0.900797593783,3.02231094443,L,0,1
-0.919328541785,2.97820540763,L,0,1
-0.935402803427,2.93100166385,L,0,1
-0.949015779238,2.88035082341,L,0,1
-0.960162427318,2.82569410988,L,0,1
-0.968837883127,2.76607339103,L,0,1
-0.975037924262,2.69963848955,L,0,1
-0.978759307926,2.62185281986,L,0,1
-0.98,2.49999873644,L,0,1
-0.979304996788,2.21247415849,L,0,1
-0.977217781117,2.1209070129,L,0,1
-0.973731664523,2.05474401565,L,0,1
-0.968835260725,2.00136529432,L,0,1
-0.962512111826,1.95610859194,L,0,1
-0.954740132107,1.91666616645,L,0,1
-0.945490832138,1.88170879814,L,0,1
-0.934728267961,1.85039513789,L,0,1
-0.922407635002,1.82215714342,L,0,1
-0.908473389675,1.79659293388,L,0,1
-0.892856726559,1.7734079958,L,0,1
-0.875472153583,1.7523805557,L,0,1
-0.856212771245,1.73334002998,L,0,1
-0.834943636429,1.71615300897,L,0,1
-0.811492204813,1.70071380793,L,0,1
-0.785634153779,1.68693790631,L,0,1
-0.757071584661,1.67475728054,L,0,1
-0.725397997281,1.66411701823,L,0,1
-0.690038820147,1.65497282394,L,0,1
-0.650143033444,1.64728916217,L,0,1
-0.604366139083,1.64103786724,L,0,1
-0.550373869225,1.63619710439,L,0,1
-0.483450377754,1.63275060276,L,0,1
-0.390830736244,1.63068710545,L,0,1
-0.100000000917,1.63,L,0,1
0.0850652332079,1.63098141307,L,0,1
0.174695656258,1.63392676876,L,0,1
0.245666687153,1.63883947483,L,0,1
0.306353771859,1.64572540836,L,0,1
0.360048755645,1.6545932241,L,0,1
0.408439788162,1.66545481156,L,0,1
0.452519942609,1.67832592965,L,0,1
0.492924877564,1.69322706109,L,0,1
0.530085267473,1.71018454803,L,0,1
0.56430492539,1.72923209723,L,0,1
0.595804626185,1.75041278415,L,0,1
0.624748415307,1.77378174759,L,0,1
0.651260261112,1.7994098652,L,0,1
0.675435050881,1.82738886135,L,0,1
0.697346106311,1.85783857212,L,0,1
0.717050467551,1.89091757478,L,0,1
0.734592695423,1.92683928502,L,0,1
0.750007658985,1.96589738881,L,0,1
0.763322608727,2.00850820478,L,0,1
0.774558733689,2.05528620288,L,0,1
0.783732336176,2.10719135387,L,0,1
0.790855715689,2.16585553575,L,0,1
0.795937825417,2.23446086562,L,0,1
0.798984745104,2.3211036079,L,0,1
0.8,2.49999999174,L,0,1
0.8,2.5,L,0,2
0.798984745104,2.67067127063,L,0,2
0.795937825417,2.75333043855,L,0,2
0.790855715689,2.81878150037,L,0,2
0.783732336176,2.87474847849,L,0,2
0.774558733689,2.92426718576,L,0,2
0.763322608727,2.96889447131,L,0,2
0.750007658985,3.00954616929,L,0,2
0.734592695423,3.0468084982,L,0,2
0.717050467551,3.08107863556,L,0,2
0.697346106311,3.11263676453,L,0,2
0.675435050881,3.14168648859,L,0,2
0.651260261112,3.16837909412,L,0,2
0.624748415307,3.19282890747,L,0,2
0.595804626185,3.21512343581,L,0,2
0.56430492539,3.23533029804,L,0,2
0.530085267473,3.25350209785,L,0,2
0.492924877564,3.26967993022,L,0,2
0.452519942609,3.28389595218,L,0,2
0.408439788162,3.29617529471,L,0,2
0.360048755645,3.30653749885,L,0,2
0.306353771859,3.31499759892,L,0,2
0.245666687153,3.3215669378,L,0,2
0.174695656258,3.32625377233,L,0,2
0.0850652332079,3.32906370937,L,0,2
-0.1,3.33,L,0,2
-0.176578953467,3.32857562927,L,0,2
-0.239678223733,3.32430593594,L,0,2
-0.29815589487,3.31720114844,L,0,2
-0.353456977787,3.30727821978,L,0,2
-0.406143701807,3.29456068285,L,0,2
-0.456470082033,3.27907844158,L,0,2
-0.504548593233,3.26086749072,L,0,2
-0.550416828987,3.23996955371,L,0,2
-0.594069441224,3.21643162364,L,0,2
-0.63547539716,3.19030538547,L,0,2
-0.674588154646,3.16164648825,L,0,2
-0.711352080038,3.13051362125,L,0,2
-0.745706720561,3.09696732521,L,0,2
-0.777589777125,3.06106843336,L,0,2
-0.806939250177,3.02287597605,L,0,2
-0.833695036253,2.9824442779,L,0,2
-0.857800145363,2.93981878595,L,0,2
-0.87920164712,2.8950298028,L,0,2
-0.897851416079,2.84808255069,L,0,2
-0.913706723403,2.79894032059,L,0,2
-0.926730707007,2.74749328419,L,0,2
-0.936892742382,2.69349340323,L,0,2
-0.944168729576,2.63639167729,L,0,2
-0.948541307088,2.57477709574,L,0,2
-0.95,2.49999999634,L,0,2
-0.949041148154,2.33549757048,L,0,2
-0.946163501783,2.25582608333,L,0,2
-0.941363731484,2.19274072253,L,0,2
-0.934636095278,2.13879664724,L,0,2
-0.925972137373,2.09106777276,L,0,2
-0.915360241575,2.04805352163,L,0,2
-0.902785011264,2.00887116213,L,0,2
-0.888226434567,1.97295566439,L,0,2
-0.871658774909,1.93992420669,L,0,2
-0.853049100405,1.90950673299,L,0,2
-0.832355325832,1.88150699895,L,0,2
-0.809523579939,1.85577918639,L,0,2
-0.784484614456,1.83221310123,L,0,2
-0.757148813619,1.81072439922,L,0,2
-0.727399096201,1.7912479055,L,0,2
-0.695080530391,1.77373291773,L,0,2
-0.659984606589,1.75813982629,L,0,2
-0.621824390241,1.74443763646,L,0,2
-0.580193133265,1.73260212558,L,0,2
-0.534490491442,1.72261445894,L,0,2
-0.483778562311,1.71446014562,L,0,2
-0.426462982311,1.70812825272,L,0,2
-0.359434786466,1.70361082185,L,0,2
-0.274783831363,1.7009024488,L,0,2
-0.100000000917,1.7,L,0,2
0.0850652332079,1.7009024488,L,0,2
0.174695656258,1.70361082185,L,0,2
0.245666687153,1.70812825272,L,0,2
0.306353771859,1.71446014562,L,0,2
0.360048755645,1.72261445894,L,0,2
0.408439788162,1.73260212558,L,0,2
0.452519942609,1.74443763646,L,0,2
0.492924877564,1.75813982629,L,0,2
0.530085267473,1.77373291773,L,0,2
0.56430492539,1.7912479055,L,0,2
0.595804626185,1.81072439922,L,0,2
0.624748415307,1.83221310123,L,0,2
0.651260261112,1.85577918639,L,0,2
0.675435050881,1.88150699895,L,0,2
0.697346106311,1.90950673299,L,0,2
0.717050467551,1.93992420669,L,0,2
0.734592695423,1.97295566439,L,0,2
0.750007658985,2.00887116213,L,0,2
0.763322608727,2.04805352163,L,0,2
0.774558733689,2.09106777276,L,0,2
0.783732336176,2.13879664724,L,0,2
0.790855715689,2.19274072253,L,0,2
0.795937825417,2.25582608333,L,0,2
0.798984745104,2.33549757048,L,0,2
0.8,2.49999999241,L,0,2
0.83,2.5,L,1,0
0.82918393356,2.76885525403,L,1,0
0.826733574925,2.86553450631,L,1,0
0.822642373497,2.93707409152,L,1,0
0.816899165026,2.99566863519,L,1,0
0.809487785903,3.04590028683,L,1,0
0.800386499717,3.09006060526,L,1,0
0.789567198156,3.12947857648,L,1,0
0.776994320198,3.16499928209,L,1,0
0.762623408149,3.19719496099,L,1,0
0.746399182132,3.22647112005,L,1,0
0.728252959271,3.25312509347,L,1,0
0.70809915816,3.2773807026,L,1,0
0.685830492842,3.2994099199,L,1,0
0.66131123579,3.31934701347,L,1,0
0.634367545267,3.33729811566,L,1,0
0.604773167084,3.35334788763,L,1,0
0.572227535156,3.36756427374,L,1,0
0.536320734925,3.38000195947,L,1,0
0.496474307489,3.39070492445,L,1,0
0.451833985599,3.39970834734,L,1,0
0.401056337746,3.40704003422,L,1,0
0.341824896866,3.41272148776,L,1,0
0.269507707467,3.41676869778,L,1,0
0.17177759375,3.41919270847,L,1,0
-0.100000000031,3.42,L,1,0
-0.242309097703,3.41874760952,L,1,0
-0.32921759599,3.41499077108,L,1,0
-0.402484518085,3.40873043535,L,1,0
-0.467691621008,3.39996802315,L,1,0
-0.527105272205,3.38870517075,L,1,0
-0.581900404958,3.37494335425,L,1,0
-0.63276591207,3.35868337107,L,1,0
-0.680136082839,3.33992464696,L,1,0
-0.724297402333,3.31866432256,L,1,0
-0.765444294303,3.29489605359,L,1,0
-0.803710887844,3.26860842875,L,1,0
-0.839190359562,3.23978286411,L,1,0
-0.871947336461,3.20839076125,L,1,0
-0.902026186526,3.17438960085,L,1,0
-0.929456751573,3.13771744871,L,1,0
-0.954258423538,3.09828501057,L,1,0
-0.976443109867,3.05596374605,L,1,0
-0.996017430684,3.0105673324,L,1,0
-1.01298436966,2.96182122142,L,1,0
-1.027344526,2.9093092192,L,1,0
-1.03909706763,2.8523711368,L,1,0
-1.04824045428,2.7898809965,L,1,0
-1.05477297851,2.71966686282,L,1,0
-1.05869315776,2.63637955197,L,1,0
-1.06,2.49999862026,L,1,0
-1.05924181468,2.18603500065,L,1,0
-1.05696485213,2.08604788765,L,1,0
-1.05316181584,2.01380093663,L,1,0
-1.04782028443,1.95551382713,L,1,0
-1.04092230381,1.9060955889,L,1,0
-1.03244378048,1.86302627371,L,1,0
-1.02235363506,1.82485443475,L,1,0
-1.01061265596,1.79066135747,L,1,0
-0.997171965456,1.75982676581,L,1,0
-0.981970970555,1.73191182435,L,1,0
-0.964934610792,1.70659493795,L,1,0
-0.945969622091,1.68363394013,L,1,0
-0.924959386813,1.66284256147,L,1,0
-0.901756694287,1.64407512474,L,1,0
-0.876173314341,1.62721622706,L,1,0
-0.847964531396,1.61217357585,L,1,0
-0.816805365084,1.59887289254,L,1,0
-0.78225236067,1.58725421531,L,1,0
-0.743678712887,1.57726917557,L,1,0
-0.700156036485,1.56887897019,L,1,0
-0.650217606273,1.56205284354,L,1,0
-0.591316948246,1.55676695307,L,1,0
-0.518309503005,1.55300353175,L,1,0
-0.417269894084,1.55075028756,L,1,0
-0.100000012605,1.55,L,1,0
0.133039739832,1.55093776684,L,1,0
0.229242636531,1.55375292976,L,1,0
0.3025743397,1.55845114636,L,1,0
0.363779994619,1.56504208495,L,1,0
0.416980462334,1.57353979796,L,1,0
0.464261398305,1.58396327666,L,1,0
0.506841420204,1.59633722283,L,1,0
0.545498840224,1.61069309081,L,1,0
0.580761775497,1.62707047663,L,1,0
0.613004533441,1.64551896602,L,1,0
0.642501184331,1.66610060463,L,1,0
0.669457465957,1.68889323376,L,1,0
0.694030834324,1.71399506166,L,1,0
0.716343618629,1.74153104826,L,1,0
0.736491959576,1.77166203573,L,1,0
0.754552059717,1.80459818632,L,1,0
0.770584658474,1.84061946429,L,1,0
0.784638297655,1.88010822667,L,1,0
0.796751739694,1.92360394797,L,1,0
0.80695577673,1.97190167826,L,1,0
0.815274590525,2.02624624206,L,1,0
0.821726772506,2.08876814762,L,1,0
0.826326079287,2.16367687666,L,1,0
0.829081975618,2.26194865286,L,1,0
0.83,2.49999990924,L,1,0
0.84,2.5,L,1,1
0.839023293157,2.69803027817,L,1,1
0.836091538201,2.78491607254,L,1,1
0.831199764436,2.85208156368,L,1,1
0.824339458708,2.90864317963,L,1,1
0.815498208157,2.95812985142,L,1,1
0.804659169985,3.00233695422,L,1,1
0.79180033421,3.04231659173,L,1,1
0.776893529227,3.07874164432,L,1,1
0.75990309745,3.11206874545,L,1,1
0.740784135728,3.14262124009,L,1,1
0.719480146487,3.17063545045,L,1,1
0.695919870676,3.19628831021,L,1,1
0.670012954824,3.21971477668,L,1,1
0.641643909913,3.2410192814,L,1,1
0.610663489039,3.26028352699,L,1,1
0.576876024375,3.27757194982,L,1,1
0.540020171362,3.29293563813,L,1,1
0.4997383485,3.30641519583,L,1,1
0.455525572901,3.31804286648,L,1,1
0.406637718042,3.3278441244,L,1,1
0.351911280997,3.33583887224,L,1,1
0.289360788072,3.34204234018,L,1,1
0.215083656695,3.34646575263,L,1,1
0.118998189977,3.34911680764,L,1,1
-0.100000013654,3.35,L,1,1
-0.310404331611,3.34913944213,L,1,1
-0.399908739552,3.34655619053,L,1,1
-0.468602580518,3.34224544912,L,1,1
-0.526187141539,3.336199014,L,1,1
-0.57639999365,3.3284049445,L,1,1
-0.621137680175,3.31884707485,L,1,1
-0.661509974972,3.30750433495,L,1,1
-0.698226193294,3.29434983369,L,1,1
-0.731767703393,3.27934963752,L,1,1
-0.762475559265,3.26246114651,L,1,1
-0.790599288585,3.24363092505,L,1,1
-0.816325989505,3.22279177459,L,1,1
-0.83979863987,3.19985872538,L,1,1
-0.861128123286,3.17472344287,L,1,1
-0.880401408785,3.14724623606,L,1,1
-0.897687276052,3.11724430791,L,1,1
-0.91304041801,3.08447386701,L,1,1
-0.926504436945,3.04860169968,L,1,1
-0.938114064848,3.00915750362,L,1,1
-0.94789682555,2.96544826966,L,1,1
-0.955874284922,2.91638973599,L,1,1
-0.962062989099,2.86012895798,L,1,1
-0.966475159714,2.79301428577,L,1,1
-0.969119193712,2.70556745042,L,1,1
-0.97,2.49999558817,L,1,1
-0.969375336253,2.17289016004,L,1,1
-0.96749909227,2.07942144532,L,1,1
-0.964364439915,2.01318958072,L,1,1
-0.9599597616,1.96041191197,L,1,1
-0.954268278622,1.91606826734,L,1,1
-0.947267497809,1.87769547785,L,1,1
-0.938928438932,1.84388336625,L,1,1
-0.929214587279,1.81374316246,L,1,1
-0.918080490357,1.78667661222,L,1,1
-0.905469880527,1.76226131505,L,1,1
-0.891313149421,1.74018809941,L,1,1
-0.875523913081,1.72022428794,L,1,1
-0.857994267587,1.702190917,L,1,1
-0.838588104488,1.68594796697,L,1,1
-0.817131459113,1.67138443325,L,1,1
-0.793398153482,1.65841144958,L,1,1
-0.767087652135,1.64695740734,L,1,1
-0.737789353482,1.63696442202,L,1,1
-0.704921714271,1.62838573501,L,1,1
-0.667620790408,1.62118378234,L,1,1
-0.624515795068,1.615328751,L,1,1
-0.573212362878,1.61079750147,L,1,1
-0.508830550364,1.60757277289,L,1,1
-0.417972693596,1.60564261385,L,1,1
-0.100000001702,1.605,L,1,1
0.101972029464,1.60598158513,L,1,1
0.196519695172,1.60892764222,L,1,1
0.270754899447,1.61384213794,L,1,1
0.333892724195,1.62073189188,L,1,1
0.389536098777,1.62960690225,L,1,1
0.43952782193,1.64048082876,L,1,1
0.484950695863,1.65337166357,L,1,1
0.526497785162,1.66830263511,L,1,1
0.564639072609,1.68530341033,L,1,1
0.599706667139,1.70441168956,L,1,1
0.631942503463,1.7256753321,L,1,1
0.66152692655,1.74915521702,L,1,1
0.688596755308,1.77492914972,L,1,1
0.713257193101,1.80309729723,L,1,1
0.735589957331,1.83378992863,L,1,1
0.755658988037,1.86717875533,L,1,1
0.773514550837,1.90349413009,L,1,1
0.789196241617,1.94305226298,L,1,1
0.802735218952,1.98630063763,L,1,1
0.814155879202,2.03389913999,L,1,1
0.823477119138,2.08687873601,L,1,1
0.830713285292,2.14699400531,L,1,1
0.835874878558,2.21767539662,L,1,1
0.838969061432,2.30769684429,L,1,1
0.84,2.49999998581,L,1,1
0.81,2.5,L,1,2
0.809144473293,2.72215019572,L,1,2
0.806575952129,2.80873497258,L,1,2
0.802288544165,2.87390155732,L,1,2
0.796272194001,2.92785464107,L,1,2
0.788512316008,2.97447414455,L,1,2
0.77898924879,3.01571402471,L,1,2
0.767677495584,3.05271251648,L,1,2
0.754544697894,3.08619538499,L,1,2
0.739550265873,3.11665478452,L,1,2
0.722643554415,3.14443961308,L,1,2
0.703761422208,3.1698055798,L,1,2
0.682824931231,3.19294494326,L,1,2
0.659734817304,3.21400515706,L,1,2
0.634365153758,3.2331010774,L,1,2
0.606554274584,3.25032324194,L,1,2
0.576091390256,3.26574364909,L,1,2
0.542696144986,3.27941988929,L,1,2
0.505986012048,3.29139815531,L,1,2
0.465421400588,3.30171546868,L,1,2
0.42020659222,3.31040134317,L,1,2
0.369093642618,3.31747903409,L,1,2
0.309940261639,3.32296647435,L,1,2
0.238492560294,3.32687696733,L,1,2
0.143562262776,3.32921968443,L,1,2
-0.100000000514,3.33,L,1,2
-0.260675406252,3.32900699844,L,1,2
-0.344271012613,3.32602727244,L,1,2
-0.411692606415,3.32105860573,L,1,2
-0.470024643083,3.31409712758,L,1,2
-0.522082021363,3.30513703664,L,1,2
-0.569315596646,3.29417019206,L,1,2
-0.612580175931,3.28118554659,L,1,2
-0.652422297852,3.26616838451,L,1,2
-0.68921098024,3.24909931081,L,1,2
-0.723205084297,3.22995291407,L,1,2
-0.754591273654,3.20869599031,L,1,2
-0.783506893434,3.18528516057,L,1,2
-0.81005450372,3.15966362971,L,1,2
-0.834311508032,3.13175669434,L,1,2
-0.856336754339,3.10146537205,L,1,2
-0.876175189513,3.06865710884,L,1,2
-0.893861217688,3.03315175258,L,1,2
-0.909421168754,2.99469947212,L,1,2
-0.922875138758,2.95294412234,L,1,2
-0.93423837531,2.90735822992,L,1,2
-0.943522324962,2.8571168067,L,1,2
-0.950735422804,2.80081960852,L,1,2
-0.955883679874,2.73574993078,L,1,2
-0.958971106822,2.65507045022,L,1,2
-0.96,2.49999999625,L,1,2
-0.959029867544,2.33138500974,L,1,2
-0.95611836651,2.24972173541,L,1,2
-0.951262128325,2.18505924059,L,1,2
-0.944455343457,2.12976656342,L,1,2
-0.935689456636,2.08084446708,L,1,2
-0.924952715006,2.03675485967,L,1,2
-0.912229540808,1.99659294118,L,1,2
-0.897499686738,1.959779556,L,1,2
-0.880737113437,1.92592231186,L,1,2
-0.861908501587,1.89474440131,L,1,2
-0.840971270842,1.86604467392,L,1,2
-0.817870916174,1.83967366605,L,1,2
-0.792537374626,1.81551842876,L,1,2
-0.764879976133,1.7934925092,L,1,2
-0.734780262039,1.77352910314,L,1,2
-0.702081477807,1.75557624068,L,1,2
-0.666572660784,1.73959332195,L,1,2
-0.627963500715,1.72554857737,L,1,2
-0.585842464244,1.71341717872,L,1,2
-0.539602144283,1.70317982042,L,1,2
-0.48829360422,1.69482164926,L,1,2
-0.430303723279,1.68833145904,L,1,2
-0.362486960425,1.6837010924,L,1,2
-0.276840111732,1.68092501002,L,1,2
-0.100000092323,1.68,L,1,2
0.165932914315,1.68071954245,L,1,2
0.261561305156,1.68288007372,L,1,2
0.332323286181,1.6864873696,L,1,2
0.390280932633,1.69155127385,L,1,2
0.439966588059,1.69808603824,L,1,2
0.483646903027,1.70611082821,L,1,2
0.522636418044,1.71565042743,L,1,2
0.557771029023,1.72673619079,L,1,2
0.589616754889,1.73940731755,L,1,2
0.618574694831,1.75371254909,L,1,2
0.644938951149,1.76971244451,L,1,2
0.66893091235,1.7874824627,L,1,2
0.69072068164,1.80711719986,L,1,2
0.710441067674,1.82873632973,L,1,2
0.728197049183,1.85249313213,L,1,2
0.744072367113,1.87858709999,L,1,2
0.758134227291,1.90728324857,L,1,2
0.770436720776,1.93894300792,L,1,2
0.781023349185,1.97407641705,L,1,2
0.789928908787,2.01343670087,L,1,2
0.797180903413,2.05820839037,L,1,2
0.802800602024,2.1104339619,L,1,2
0.806803820626,2.17419750524,L,1,2
0.809201483376,2.26036814314,L,1,2
0.81,2.49999952799,L,1,2
0.83,2.5,L,2,0
0.829234916726,2.80296591059,L,2,0
0.826937389962,2.90407827506,L,2,0
0.823100515004,2.97779380777,L,2,0
0.817712533289,3.0376035385,L,2,0
0.81075644005,3.08852360251,L,2,0
0.802209400725,3.13304666697,L,2,0
0.792041937165,3.17261227576,L,2,0
0.780216826031,3.20813326779,L,2,0
0.766687625596,3.24022669733,L,2,0
0.751396709029,3.26932943995,L,2,0
0.73427262493,3.29576176495,L,2,0
0.715226517252,3.31976484661,L,2,0
0.694147195156,3.34152414684,L,2,0
0.670894209796,3.36118464509,L,2,0
0.645287894949,3.378861119,L,2,0
0.617094613043,3.39464529094,L,2,0
0.586004103169,3.40861091719,L,2,0
0.551593142141,3.42081748353,L,2,0
0.51326395863,3.43131292978,L,2,0
0.470132239934,3.44013568005,L,2,0
0.420803427921,3.4473161634,L,2,0
0.362862751279,3.45287795097,L,2,0
0.291450828964,3.45683859609,L,2,0
0.193498225883,3.45921023662,L,2,0
-0.100000000296,3.46,L,2,0
-0.270198226685,3.45881559861,L,2,0
-0.362157710669,3.45526180037,L,2,0
-0.437073925625,3.44933676493,L,2,0
-0.502306974188,3.44103722781,L,2,0
-0.560797602265,3.430358193,L,2,0
-0.614064925743,3.41729247796,L,2,0
-0.66300411281,3.40183008329,L,2,0
-0.708186646206,3.38395734636,L,2,0
-0.749997221535,3.36365581994,L,2,0
-0.788704485206,3.34090079081,L,2,0
-0.824500994149,3.31565931468,L,2,0
-0.857527354157,3.28788758425,L,2,0
-0.887887584246,3.25752735416,L,2,0
-0.915659314678,3.22450099415,L,2,0
-0.940900790812,3.18870448521,L,2,0
-0.963655819938,3.14999722153,L,2,0
-0.98395734636,3.10818664621,L,2,0
-1.00183008329,3.06300411281,L,2,0
-1.01729247796,3.01406492574,L,2,0
-1.030358193,2.96079760226,L,2,0
-1.04103722781,2.90230697419,L,2,0
-1.04933676493,2.83707392563,L,2,0
-1.05526180037,2.76215771067,L,2,0
-1.05881559861,2.67019822669,L,2,0
-1.06,2.49999857668,L,2,0
-1.05924181468,2.17612031646,L,2,0
-1.05696485213,2.07297571568,L,2,0
-1.05316181584,1.998447282,L,2,0
-1.04782028443,1.93831952693,L,2,0
-1.04092230381,1.88734071276,L,2,0
-1.03244378048,1.84291131393,L,2,0
-1.02235363506,1.80353404848,L,2,0
-1.01061265596,1.76826118981,L,2,0
-0.997171965456,1.7364528742,L,2,0
-0.981970970555,1.70765640828,L,2,0
-0.964934610792,1.68154004125,L,2,0
-0.945969622091,1.65785395929,L,2,0
-0.924959386813,1.63640601078,L,2,0
-0.901756694287,1.61704591815,L,2,0
-0.876173314341,1.59965463423,L,2,0
-0.847964531396,1.58413695193,L,2,0
-0.816805365084,1.57041624704,L,2,0
-0.78225236067,1.55843066421,L,2,0
-0.743678712887,1.54813030743,L,2,0
-0.700156036485,1.53947514819,L,2,0
-0.650217606273,1.53243345965,L,2,0
-0.591316948246,1.52698064633,L,2,0
-0.518309503005,1.52309838012,L,2,0
-0.417269894084,1.52077398085,L,2,0
-0.100000012605,1.52,L,2,0
0.133039739832,1.52096738053,L,2,0
0.229242636531,1.52387144333,L,2,0
0.3025743397,1.52871802467,L,2,0
0.363779994619,1.53551709816,L,2,0
0.416980462334,1.54428316001,L,2,0
0.464261398305,1.55503580118,L,2,0
0.506841420204,1.56780050355,L,2,0
0.545498840224,1.58260971473,L,2,0
0.580761775497,1.59950428116,L,2,0
0.613004533441,1.61853535443,L,2,0
0.642501184331,1.63976693951,L,2,0
0.669457465957,1.66327933587,L,2,0
0.694030834324,1.68917385308,L,2,0
0.716343618629,1.71757939716,L,2,0
0.736491959576,1.74866188949,L,2,0
0.754552059717,1.78263812905,L,2,0
0.770584658474,1.81979692105,L,2,0
0.784638297655,1.86053269699,L,2,0
0.796751739694,1.90540196738,L,2,0
0.80695577673,1.95522488915,L,2,0
0.815274590525,2.01128559707,L,2,0
0.821726772506,2.0757818786,L,2,0
0.826326079287,2.15305614645,L,2,0
0.829081975618,2.2544312419,L,2,0
0.83,2.49999990638,L,2,0
0.82,2.5,L,2,1
0.819044074154,2.70036004615,L,2,1
0.816174696962,2.78826802634,L,2,1
0.81138700349,2.85622369973,L,2,1
0.804672661715,2.91345074644,L,2,1
0.796019522877,2.96351961438,L,2,1
0.785411102538,3.00824680074,L,2,1
0.772825859014,3.04869678693,L,2,1
0.758236220094,3.08555036954,L,2,1
0.741607286866,3.11926955422,L,2,1
0.722895111564,3.15018148997,L,2,1
0.702044398689,3.17852527928,L,2,1
0.678985405342,3.20447993739,L,2,1
0.653629700466,3.22818200934,L,2,1
0.625864252255,3.2497371553,L,2,1
0.595542989272,3.26922803907,L,2,1
0.562474406835,3.28671985511,L,2,1
0.526402720907,3.3022642927,L,2,1
0.486977958107,3.31590243343,L,2,1
0.443705879861,3.3276669002,L,2,1
0.395858192126,3.33758346704,L,2,1
0.342296147359,3.34567227073,L,2,1
0.281076515986,3.35194872065,L,2,1
0.208379749105,3.35642417325,L,2,1
0.11433865402,3.35910641714,L,2,1
-0.100000013654,3.36,L,2,1
-0.310404331611,3.35912931792,L,2,1
-0.399908739552,3.35651567512,L,2,1
-0.468602580518,3.35215421911,L,2,1
-0.526187141539,3.34603664946,L,2,1
-0.57639999365,3.33815088503,L,2,1
-0.621137680175,3.32848056985,L,2,1
-0.661509974972,3.31700438595,L,2,1
-0.698226193294,3.30369512585,L,2,1
-0.731767703393,3.28851845679,L,2,1
-0.762475559265,3.27143127765,L,2,1
-0.790599288585,3.25237952417,L,2,1
-0.816325989505,3.23129520723,L,2,1
-0.83979863987,3.20809235744,L,2,1
-0.861128123286,3.18266136573,L,2,1
-0.880401408785,3.15486089766,L,2,1
-0.897687276052,3.12450600565,L,2,1
-0.91304041801,3.09135003015,L,2,1
-0.926504436945,3.05505583733,L,2,1
-0.938114064848,3.0151475919,L,2,1
-0.94789682555,2.97092413165,L,2,1
-0.955874284922,2.92128843876,L,2,1
-0.962062989099,2.86436576925,L,2,1
-0.966475159714,2.79646151266,L,2,1
-0.969119193712,2.70798589102,L,2,1
-0.97,2.49996995505,L,2,1
-0.969471409167,2.10317026879,L,2,1
-0.967883378856,2.00913183176,L,2,1
-0.96522906714,1.94447140339,L,2,1
-0.96149683818,1.89391769803,L,2,1
-0.956669897747,1.85203067735,L,2,1
-0.950725750016,1.81617829387,L,2,1
-0.9436354382,1.78486854246,L,2,1
-0.935362513414,1.75716791857,L,2,1
-0.925861650588,1.73245146108,L,2,1
-0.915076792748,1.71027967921,L,2,1
-0.902938648304,1.69033181787,L,2,1
-0.889361277692,1.67236695587,L,2,1
-0.874237363861,1.6562000135,L,2,1
-0.85743152522,1.6416862725,L,2,1
-0.838770622673,1.62871101465,L,2,1
-0.818029278344,1.61718237351,L,2,1
-0.794907431017,1.60702627876,L,2,1
-0.768993944147,1.59818280744,L,2,1
-0.7397041767,1.5906035086,L,2,1
-0.706164850225,1.58424941965,L,2,1
-0.666980217969,1.57908958677,L,2,1
-0.619688041991,1.57509996271,L,2,1
-0.559199254161,1.57226259502,L,2,1
-0.471227813068,1.57056504537,L,2,1
-0.100000001666,1.57,L,2,1
0.0976747522411,1.57101997114,L,2,1
0.190210765487,1.57408123717,L,2,1
0.262866497331,1.57918791987,L,2,1
0.324660964105,1.58634710553,L,2,1
0.379120437101,1.59556918334,L,2,1
0.42804850657,1.60686834721,L,2,1
0.472504936377,1.62026329287,L,2,1
0.513168045052,1.63577815715,L,2,1
0.550497815745,1.65344376715,L,2,1
0.584819291242,1.67329929753,L,2,1
0.616369258708,1.69539447917,L,2,1
0.645324225985,1.71979257188,L,2,1
0.671818100939,1.74657442373,L,2,1
0.695953848567,1.77584411891,L,2,1
0.7178114476,1.80773702081,L,2,1
0.737453477654,1.84243155582,L,2,1
0.754929134862,1.88016708489,L,2,1
0.770277172646,1.92127218388,L,2,1
0.783528086634,1.96621183575,L,2,1
0.794705754112,2.01567173206,L,2,1
0.803828669795,2.07072315585,L,2,1
0.810910874967,2.13318930161,L,2,1
0.8159626471,2.20663476967,L,2,1
0.818990996295,2.30017660915,L,2,1
0.82,2.49999998525,L,2,1
0.83,2.5,L,2,2
0.829125670509,2.72215019572,L,2,2
0.82650069833,2.80873497258,L,2,2
0.82211906162,2.87390155732,L,2,2
0.815970483979,2.92785464107,L,2,2
0.808040059217,2.97447414455,L,2,2
0.798307693819,3.01571402471,L,2,2
0.786747330652,3.05271251648,L,2,2
0.773325900045,3.08619538499,L,2,2
0.758001920068,3.11665478452,L,2,2
0.740723632534,3.14443961308,L,2,2
0.721426508411,3.1698055798,L,2,2
0.700029874775,3.19294494326,L,2,2
0.676432285816,3.21400515706,L,2,2
0.650505047247,3.2331010774,L,2,2
0.622082939959,3.25032324194,L,2,2
0.590950541691,3.26574364909,L,2,2
0.556821334986,3.27941988929,L,2,2
0.519304385939,3.29139815531,L,2,2
0.477848244557,3.30171546868,L,2,2
0.431639704137,3.31040134317,L,2,2
0.379403393005,3.31747903409,L,2,2
0.318949937719,3.32296647435,L,2,2
0.245931957223,3.32687696733,L,2,2
0.148915279541,3.32921968443,L,2,2
-0.10000000052,3.33,L,2,2
-0.26254372493,3.32900699844,L,2,2
-0.347111373225,3.32602727244,L,2,2
-0.415316939048,3.32105860573,L,2,2
-0.474327255212,3.31409712758,L,2,2
-0.526989951844,3.30513703664,L,2,2
-0.574772754747,3.29417019206,L,2,2
-0.618540410535,3.28118554659,L,2,2
-0.658845812944,3.26616838451,L,2,2
-0.696062270708,3.24909931081,L,2,2
-0.730451655045,3.22995291407,L,2,2
-0.762202800092,3.20869599031,L,2,2
-0.791454648008,3.18528516057,L,2,2
-0.818310951438,3.15966362971,L,2,2
-0.84285001394,3.13175669434,L,2,2
-0.865131367762,3.10146537205,L,2,2
-0.885200482415,3.06865710884,L,2,2
-0.903092162079,3.03315175258,L,2,2
-0.918833042809,2.99469947212,L,2,2
-0.932443454325,2.95294412234,L,2,2
-0.943938821535,2.90735822992,L,2,2
-0.953330724089,2.8571168067,L,2,2
-0.960627695163,2.80081960852,L,2,2
-0.965835815686,2.73574993078,L,2,2
-0.968959142948,2.65507045022,L,2,2
-0.97,2.49999566211,L,2,2
-0.969375336253,2.17837244786,L,2,2
-0.96749909227,2.08647024791,L,2,2
-0.964364439915,2.02134841456,L,2,2
-0.9599597616,1.96945528775,L,2,2
-0.954268278622,1.92585483269,L,2,2
-0.947267497809,1.88812516258,L,2,2
-0.938928438932,1.85487973441,L,2,2
-0.929214587279,1.8252446737,L,2,2
-0.918080490357,1.7986317528,L,2,2
-0.905469880527,1.77462565055,L,2,2
-0.891313149421,1.75292237707,L,2,2
-0.875523913081,1.73329315463,L,2,2
-0.857994267587,1.71556201895,L,2,2
-0.838588104488,1.69959129714,L,2,2
-0.817131459113,1.68527184498,L,2,2
-0.793398153482,1.67251628562,L,2,2
-0.767087652135,1.66125421057,L,2,2
-0.737789353482,1.65142870545,L,2,2
-0.704921714271,1.64299379532,L,2,2
-0.667620790408,1.63591254576,L,2,2
-0.624515795068,1.63015564344,L,2,2
-0.573212362878,1.62570033664,L,2,2
-0.508830550364,1.6225296538,L,2,2
-0.417972693596,1.62063184379,L,2,2
-0.100000029867,1.62,L,2,2
0.148915279541,1.62082732253,L,2,2
0.245931957223,1.62331116717,L,2,2
0.318949937719,1.62745723202,L,2,2
0.379403393005,1.63327524097,L,2,2
0.431639704137,1.64077929881,L,2,2
0.477848244557,1.64998841875,L,2,2
0.519304385939,1.66092725702,L,2,2
0.556821334986,1.67362710533,L,2,2
0.590950541691,1.68812721542,L,2,2
0.622082939959,1.70447656276,L,2,2
0.650505047247,1.7227362071,L,2,2
0.676432285816,1.74298248408,L,2,2
0.700029874775,1.76531138546,L,2,2
0.721426508411,1.78984468648,L,2,2
0.740723632534,1.81673872348,L,2,2
0.758001920068,1.84619733689,L,2,2
0.773325900045,1.87849164001,L,2,2
0.786747330652,1.91399154879,L,2,2
0.798307693819,1.95321886536,L,2,2
0.808040059217,1.99694307566,L,2,2
0.815970483979,2.04637098296,L,2,2
0.82211906162,2.10357425248,L,2,2
0.82650069833,2.1726665351,L,2,2
0.829125670509,2.26446726237,L,2,2
0.83,2.49999981848,L,2,2
0.83,2.5,L,3,0
0.829293746933,2.85176428228,L,3,0
0.827172616858,2.95888363881,L,3,0
0.82362942251,3.03564802848,L,3,0
0.818651931745,3.09725664339,L,3,0
0.812222470899,3.1492912385,L,3,0
0.804317334473,3.19450453962,L,3,0
0.794905961327,3.23447807998,L,3,0
0.783949818508,3.2702111489,L,3,0
0.771400906888,3.30237760323,L,3,0
0.757199763652,3.33145380983,L,3,0
0.741272777595,3.35778871277,L,3,0
0.723528541735,3.38164502985,L,3,0
0.70385282133,3.40322485223,L,3,0
0.682101473411,3.4226862722,L,3,0
0.658090238371,3.44015457949,L,3,0
0.631579579418,3.45573002691,L,3,0
0.602251341645,3.46949334933,L,3,0
0.569671190567,3.48150976404,L,3,0
0.533224727301,3.49183191523,L,3,0
0.4920008351,3.50050206486,L,3,0
0.444557527794,3.50755373159,L,3,0
0.388384967148,3.51301291501,L,3,0
0.318393905975,3.51689899913,L,3,0
0.22072625737,3.51922539986,L,3,0
-0.100000000069,3.52,L,3,0
-0.253238462263,3.51865773365,L,3,0
-0.342930790813,3.51463092525,L,3,0
-0.417630785468,3.50791949028,L,3,0
-0.483598721577,3.49852309638,L,3,0
-0.543363540969,3.48644086524,L,3,0
-0.598235793073,3.47167093214,L,3,0
-0.648986195786,3.45420983722,L,3,0
-0.696103618244,3.43405171025,L,3,0
-0.739913618155,3.4111871939,L,3,0
-0.780640088142,3.38560202615,L,3,0
-0.818440275083,3.35727516653,L,3,0
-0.853426040842,3.3261762961,L,3,0
-0.88567745806,3.2922624347,L,3,0
-0.915251874056,3.25547327895,L,3,0
-0.942190162125,3.21572462877,L,3,0
-0.966521154983,3.1728988562,L,3,0
-0.988264861705,3.12683060888,L,3,0
-1.0074348452,3.0772844533,L,3,0
-1.0240400041,3.02391805045,L,3,0
-1.03808592087,2.96621733174,L,3,0
-1.04957588578,2.90337185156,L,3,0
-1.05851167213,2.83400350637,L,3,0
-1.06489411519,2.75545299652,L,3,0
-1.06872353102,2.66113735207,L,3,0
-1.07,2.49999851859,L,3,0
-1.06923391691,2.16290073754,L,3,0
-1.066933236,2.05554615306,L,3,0
-1.06309058476,1.97797574249,L,3,0
-1.05769341239,1.91539379334,L,3,0
-1.05072357781,1.86233421123,L,3,0
-1.04215673653,1.81609136756,L,3,0
-1.03196148543,1.77510686679,L,3,0
-1.02009820446,1.7383942996,L,3,0
-1.00651750676,1.70528768539,L,3,0
-0.991158168165,1.67531585351,L,3,0
-0.973944346321,1.64813351232,L,3,0
-0.954781805654,1.62348065151,L,3,0
-0.933552713759,1.60115727653,L,3,0
-0.910108326519,1.58100697603,L,3,0
-0.884258453033,1.56290584379,L,3,0
-0.855755828598,1.5467547867,L,3,0
-0.824272087637,1.53247405304,L,3,0
-0.789359156093,1.51999926275,L,3,0
-0.75038369948,1.50927848324,L,3,0
-0.706407661865,1.5002700522,L,3,0
-0.655949039671,1.4929409478,L,3,0
-0.596434833123,1.48726557067,L,3,0
-0.522666893661,1.48322484461,L,3,0
-0.420574788814,1.4808055719,L,3,0
-0.100000012605,1.48,L,3,0
0.133039739832,1.48100686545,L,3,0
0.229242636531,1.48402946143,L,3,0
0.3025743397,1.48907386241,L,3,0
0.363779994619,1.4961504491,L,3,0
0.416980462334,1.50527430939,L,3,0
0.464261398305,1.51646583388,L,3,0
0.506841420204,1.52975154451,L,3,0
0.545498840224,1.54516521329,L,3,0
0.580761775497,1.56274935386,L,3,0
0.613004533441,1.58255720563,L,3,0
0.642501184331,1.60465538602,L,3,0
0.669457465957,1.62912747203,L,3,0
0.694030834324,1.6560789083,L,3,0
0.716343618629,1.68564386235,L,3,0
0.736491959576,1.71799502784,L,3,0
0.754552059717,1.75335805268,L,3,0
0.770584658474,1.79203353008,L,3,0
0.784638297655,1.83443199074,L,3,0
0.796751739694,1.88113265992,L,3,0
0.80695577673,1.93298917034,L,3,0
0.815274590525,1.99133807042,L,3,0
0.821726772506,2.05846685323,L,3,0
0.826326079287,2.13889517284,L,3,0
0.829081975618,2.24440802728,L,3,0
0.83,2.49999990256,L,3,0
0.82,2.5,L,3,1
0.819373591505,2.8503661237,L,3,1
0.817491966935,2.94466172915,L,3,1
0.814347855319,3.0108076014,L,3,1
0.809928888044,3.06318054328,L,3,1
0.804217206812,3.1069784077,L,3,1
0.797188879732,3.14473971278,L,3,1
0.788813085742,3.17791304428,L,3,1
0.779051008304,3.20740921841,L,3,1
0.767854352269,3.23384026906,L,3,1
0.755163358256,3.25763779008,L,3,1
0.740904129169,3.27911741348,L,3,1
0.72498499076,3.29851655219,L,3,1
0.707291459355,3.3160177626,L,3,1
0.687679143296,3.3317638669,L,3,1
0.665963480076,3.34586810436,L,3,1
0.641904447839,3.35842115279,L,3,1
0.615182946084,3.36949610604,L,3,1
0.585362638177,3.37915207394,L,3,1
0.551824764569,3.38743682669,L,3,1
0.513648500089,3.39438875891,L,3,1
0.46936934046,3.40003835665,L,3,1
0.416420871749,3.40440929167,L,3,1
0.349548121782,3.40751922816,L,3,1
0.254216300879,3.40938040029,L,3,1
-0.100000001039,3.41,L,3,1
-0.282541584947,3.40894328981,L,3,1
-0.374115554896,3.40577216797,L,3,1
-0.447276086564,3.40048360148,L,3,1
-0.510192512007,3.39307233475,L,3,1
-0.566092993497,3.38353057652,L,3,1
-0.616637305832,3.37184753595,L,3,1
-0.662802741721,3.35800877902,L,3,1
-0.705214660988,3.34199536258,L,3,1
-0.744296174831,3.32378268451,L,3,1
-0.78034505735,3.30333896112,L,3,1
-0.813576983612,3.28062320206,L,3,1
-0.844151536993,3.25558249056,L,3,1
-0.872188699141,3.22814827813,L,3,1
-0.897779755955,3.19823124203,L,3,1
-0.920994762462,3.16571398085,L,3,1
-0.941887798453,3.13044034311,L,3,1
-0.960500755167,3.09219929193,L,3,1
-0.976866114826,3.05069945695,L,3,1
-0.991009020254,3.00552682614,L,3,1
-1.00294883095,2.95606948826,L,3,1
-1.01270029815,2.90137116766,L,3,1
-1.02027444986,2.83980778363,L,3,1
-1.02567924858,2.76822059673,L,3,1
-1.02892006541,2.67861595946,L,3,1
-1.03,2.4999999516,L,3,1
-1.02908197562,2.25944284921,L,3,1
-1.02632607929,2.16013663326,L,3,1
-1.02172677251,2.08443939128,L,3,1
-1.01527459052,2.02125936039,L,3,1
-1.00695577673,1.96634274856,L,3,1
-0.996751739694,1.9175366211,L,3,1
-0.984638297655,1.87358305011,L,3,1
-0.970584658474,1.83367861654,L,3,1
-0.954552059717,1.79727816723,L,3,1
-0.936491959576,1.76399532032,L,3,1
-0.916343618629,1.73354716456,L,3,1
-0.894030834324,1.70572132546,L,3,1
-0.869457465957,1.68035526779,L,3,1
-0.842501184331,1.65732271625,L,3,1
-0.813004533441,1.63652442883,L,3,1
-0.780761775497,1.61788174481,L,3,1
-0.745498840224,1.60133196545,L,3,1
-0.706841420204,1.58682498307,L,3,1
-0.664261398305,1.57432078483,L,3,1
-0.616980462334,1.56378758531,L,3,1
-0.563779994619,1.55520042268,L,3,1
-0.5025743397,1.5485401058,L,3,1
-0.429242636531,1.54379243428,L,3,1
-0.333039739832,1.54094763807,L,3,1
-0.100002207112,1.54,L,3,1
0.242345231675,1.54067697983,L,3,1
0.338196222072,1.54271041298,L,3,1
0.405879654849,1.54610785755,L,3,1
0.459695021055,1.55088217214,L,3,1
0.504837447109,1.55705192581,L,3,1
0.543851874804,1.56464200847,L,3,1
0.578193671236,1.5736844833,L,3,1
0.608779347125,1.5842197425,L,3,1
0.63622546866,1.59629805619,L,3,1
0.660967185063,1.60998164504,L,3,1
0.683322910475,1.62534746925,L,3,1
0.703532237931,1.64249102309,L,3,1
0.721779436202,1.66153157781,L,3,1
0.738208675303,1.68261957168,L,3,1
0.752934256841,1.70594728515,L,3,1
0.766047696147,1.73176472835,L,3,1
0.777622746775,1.76040415952,L,3,1
0.787719036842,1.79231964741,L,3,1
0.796384741881,1.82815456542,L,3,1
0.8036585711,1.86886527258,L,3,1
0.809571251696,1.91597041281,L,3,1
0.814146636511,1.97212557755,L,3,1
0.81740252089,2.04275176827,L,3,1
0.819351227663,2.14277019303,L,3,1
0.82,2.49999070824,L,3,1
0.84,2.5,L,3,2
0.839023293157,2.69803027817,L,3,2
0.836091538201,2.78491607254,L,3,2
0.831199764436,2.85208156368,L,3,2
0.824339458708,2.90864317963,L,3,2
0.815498208157,2.95812985142,L,3,2
0.804659169985,3.00233695422,L,3,2
0.79180033421,3.04231659173,L,3,2
0.776893529227,3.07874164432,L,3,2
0.75990309745,3.11206874545,L,3,2
0.740784135728,3.14262124009,L,3,2
0.719480146487,3.17063545045,L,3,2
0.695919870676,3.19628831021,L,3,2
0.670012954824,3.21971477668,L,3,2
0.641643909913,3.2410192814,L,3,2
0.610663489039,3.26028352699,L,3,2
0.576876024375,3.27757194982,L,3,2
0.540020171362,3.29293563813,L,3,2
0.4997383485,3.30641519583,L,3,2
0.455525572901,3.31804286648,L,3,2
0.406637718042,3.3278441244,L,3,2
0.351911280997,3.33583887224,L,3,2
0.289360788072,3.34204234018,L,3,2
0.215083656695,3.34646575263,L,3,2
0.118998189977,3.34911680764,L,3,2
-0.100000013654,3.35,L,3,2
-0.310404331611,3.34913944213,L,3,2
-0.399908739552,3.34655619053,L,3,2
-0.468602580518,3.34224544912,L,3,2
-0.526187141539,3.336199014,L,3,2
-0.57639999365,3.3284049445,L,3,2
-0.621137680175,3.31884707485,L,3,2
-0.661509974972,3.30750433495,L,3,2
-0.698226193294,3.29434983369,L,3,2
-0.731767703393,3.27934963752,L,3,2
-0.762475559265,3.26246114651,L,3,2
-0.790599288585,3.24363092505,L,3,2
-0.816325989505,3.22279177459,L,3,2
-0.83979863987,3.19985872538,L,3,2
-0.861128123286,3.17472344287,L,3,2
-0.880401408785,3.14724623606,L,3,2
-0.897687276052,3.11724430791,L,3,2
-0.91304041801,3.08447386701,L,3,2
-0.926504436945,3.04860169968,L,3,2
-0.938114064848,3.00915750362,L,3,2
-0.94789682555,2.96544826966,L,3,2
-0.955874284922,2.91638973599,L,3,2
-0.962062989099,2.86012895798,L,3,2
-0.966475159714,2.79301428577,L,3,2
-0.969119193712,2.70556745042,L,3,2
-0.97,2.49988457695,L,3,2
-0.969541869385,2.06978957532,L,3,2
-0.968165297207,1.98271862545,L,3,2
-0.965863676741,1.92415864511,L,3,2
-0.962625773485,1.87900990058,L,3,2
-0.958435375124,1.84198195048,L,3,2
-0.953270769497,1.81054204753,L,3,2
-0.947104014134,1.78326537504,L,3,2
-0.939899943223,1.75926559151,L,3,2
-0.93161483282,1.73795194884,L,3,2
-0.922194608346,1.71891045362,L,3,2
-0.911572422678,1.7018397708,L,3,2
-0.899665346163,1.68651403137,L,3,2
-0.886369769677,1.67275998673,L,3,2
-0.871554888231,1.66044232137,L,3,2
-0.855053228172,1.64945385343,L,3,2
-0.836646449459,1.63970879363,L,3,2
-0.816043261537,1.63113798977,L,3,2
-0.792843470797,1.62368550262,L,3,2
-0.766476020724,1.61730610052,L,3,2
-0.736084114533,1.61196340504,L,3,2
-0.700290429442,1.60762851019,L,3,2
-0.656646643063,1.6042789551,L,3,2
-0.600038662069,1.60189796841,L,3,2
-0.515870077189,1.60047392822,L,3,2
-0.100000135342,1.6,L,3,2
0.182145484549,1.60077258079,L,3,2
0.281050681344,1.6030924561,L,3,2
0.353859979324,1.60696609555,L,3,2
0.413299116526,1.612404522,L,3,2
0.464132415533,1.61942368741,L,3,2
0.508737328154,1.6280450315,L,3,2
0.548490679312,1.63829626071,L,3,2
0.58426715637,1.6502124018,L,3,2
0.616658716271,1.66383721022,L,3,2
0.646084730191,1.67922504865,L,3,2
0.672852693859,1.69644340624,L,3,2
0.697194121995,1.71557631222,L,3,2
0.71928696279,1.73672903213,L,3,2
0.739270220151,1.76003465482,L,3,2
0.757253838073,1.7856635562,L,3,2
0.77332558044,1.81383739932,L,3,2
0.787555935896,1.84485059497,L,3,2
0.800001683263,1.87910466874,L,3,2
0.810708522653,1.91716638794,L,3,2
0.819713037598,1.95987321917,L,3,2
0.827044165907,2.00854339907,L,3,2
0.832724300208,2.06545321129,L,3,2
0.836770101405,2.13516424127,L,3,2
0.839193082287,2.22986070628,L,3,2
0.84,2.499999292,L,3,2
1.0,2.5,R,0,0
0.999039594455,2.70606339066,R,0,0
0.996156932929,2.79940294483,R,0,0
0.991347617487,2.87210619327,R,0,0
0.984604103683,2.93362722743,R,0,0
0.97591536544,2.98764370104,R,0,0
0.965266397822,3.03603162548,R,0,0
0.952637525985,3.0798918906,R,0,0
0.938003473548,3.11992892528,R,0,0
0.921332122669,3.15662066242,R,0,0
0.902582867779,3.19030524109,R,0,0
0.881704419728,3.22122944887,R,0,0
0.858631847534,3.24957770227,R,0,0
0.833282534827,3.27549033303,R,0,0
0.805550547809,3.29907562906,R,0,0
0.775298605414,3.32041804262,R,0,0
0.742346300192,3.33958394762,R,0,0
0.706452209518,3.35662577296,R,0,0
0.667285545149,3.37158502656,R,0,0
0.624378764061,3.38449454,R,0,0
0.577042751013,3.39538015134,R,0,0
0.524200548576,3.40426197265,R,0,0
0.464016928194,3.41115534232,R,0,0
0.392894185164,3.41607153144,R,0,0
0.301583751735,3.41901825211,R,0,0
0.0999999749134,3.42,R,0,0
-0.155591972719,3.41909184685,R,0,0
-0.261104827163,3.41636558381,R,0,0
-0.341533146768,3.41181573194,R,0,0
-0.408661929582,3.40543292826,R,0,0
-0.467010829656,3.39720356408,R,0,0
-0.518867340076,3.38710924787,R,0,0
-0.565568009255,3.3751260579,R,0,0
-0.607966469923,3.36122353311,R,0,0
-0.646641947319,3.34536332789,R,0,0
-0.682004972161,3.32749742238,R,0,0
-0.714356137654,3.30756573026,R,0,0
-0.743921091695,3.28549286836,R,0,0
-0.770872527968,3.26118372976,R,0,0
-0.795344613981,3.23451730063,R,0,0
-0.817442794373,3.20533781803,R,0,0
-0.837250646141,3.17344175641,R,0,0
-0.854834786713,3.13855799248,R,0,0
-0.870248455493,3.10031624364,R,0,0
-0.883534166116,3.05819407144,R,0,0
-0.894725690607,3.01142153263,R,0,0
-0.903849550898,2.95879311296,R,0,0
-0.910926137588,2.89824558336,R,0,0
-0.915970538573,2.82570239313,R,0,0
-0.918993134548,2.73053393618,R,0,0
-0.92,2.4999999521,R,0,0
-0.918993134548,2.26194865286,R,0,0
-0.915970538573,2.16367687666,R,0,0
-0.910926137588,2.08876814762,R,0,0
-0.903849550898,2.02624624206,R,0,0
-0.894725690607,1.97190167826,R,0,0
-0.883534166116,1.92360394797,R,0,0
-0.870248455493,1.88010822667,R,0,0
-0.854834786713,1.84061946429,R,0,0
-0.837250646141,1.80459818632,R,0,0
-0.817442794373,1.77166203573,R,0,0
-0.795344613981,1.74153104826,R,0,0
-0.770872527968,1.71399506166,R,0,0
-0.743921091695,1.68889323376,R,0,0
-0.714356137654,1.66610060463,R,0,0
-0.682004972161,1.64551896602,R,0,0
-0.646641947319,1.62707047663,R,0,0
-0.607966469923,1.61069309081,R,0,0
-0.565568009255,1.59633722283,R,0,0
-0.518867340076,1.58396327666,R,0,0
-0.467010829656,1.57353979796,R,0,0
-0.408661929582,1.56504208495,R,0,0
-0.341533146768,1.55845114636,R,0,0
-0.261104827163,1.55375292976,R,0,0
-0.155591972719,1.55093776684,R,0,0
0.0999999971923,1.55,R,0,0
0.301583751735,1.55101376141,R,0,0
0.392894185164,1.5540565708,R,0,0
0.464016928194,1.55913307043,R,0,0
0.524200548576,1.56625122389,R,0,0
0.577042751013,1.57542266981,R,0,0
0.624378764061,1.58666324674,R,0,0
0.667285545149,1.59999372257,R,0,0
0.706452209518,1.61544077792,R,0,0
0.742346300192,1.63303831496,R,0,0
0.775298605414,1.65282919512,R,0,0
0.805550547809,1.67486755695,R,0,0
0.833282534827,1.69922193871,R,0,0
0.858631847534,1.72597954657,R,0,0
0.881704419728,1.75525219953,R,0,0
0.902582867779,1.7871848054,R,0,0
0.921332122669,1.82196779424,R,0,0
0.938003473548,1.85985600106,R,0,0
0.952637525985,1.90119859123,R,0,0
0.965266397822,1.94648908238,R,0,0
0.97591536544,1.99645487393,R,0,0
0.984604103683,2.05223275428,R,0,0
0.991347617487,2.11575990913,R,0,0
0.996156932929,2.19083391566,R,0,0
0.999039594455,2.28721715095,R,0,0
1.0,2.49999997553,R,0,0
0.95,2.5,R,0,1
0.949041148154,2.68095267247,R,0,1
0.946163501783,2.76859130834,R,0,1
0.941363731484,2.83798520522,R,0,1
0.934636095278,2.89732368804,R,0,1
0.925972137373,2.94982544996,R,0,1
0.915360241575,2.9971411262,R,0,1
0.902785011264,3.04024172166,R,0,1
0.888226434567,3.07974876917,R,0,1
0.871658774909,3.11608337264,R,0,1
0.853049100405,3.14954259371,R,0,1
0.832355325832,3.18034230116,R,0,1
0.809523579939,3.20864289497,R,0,1
0.784484614456,3.23456558864,R,0,1
0.757148813619,3.25820316086,R,0,1
0.727399096201,3.27962730395,R,0,1
0.695080530391,3.29889379049,R,0,1
0.659984606589,3.31604619108,R,0,1
0.621824390241,3.3311185999,R,0,1
0.580193133265,3.34413766187,R,0,1
0.534490491442,3.35512409516,R,0,1
0.483778562311,3.36409383982,R,0,1
0.426462982311,3.37105892201,R,0,1
0.359434786466,3.37602809596,R,0,1
0.274783831363,3.37900730632,R,0,1
0.0999998311386,3.38,R,0,1
-0.186389292339,3.3792278081,R,0,1
-0.289373713245,3.37690918918,R,0,1
-0.36557892358,3.37303794481,R,0,1
-0.427994850528,3.36760351099,R,0,1
-0.481502479449,3.36059059311,R,0,1
-0.528542818645,3.35197862339,R,0,1
-0.570531527125,3.34174100471,R,0,1
-0.608368800487,3.32984408793,R,0,1
-0.642664197572,3.31624580556,R,0,1
-0.673849671357,3.30089384976,R,0,1
-0.702241947391,3.28372323028,R,0,1
-0.72807944407,3.26465296686,R,0,1
-0.751545349459,3.24358154161,R,0,1
-0.772782688264,3.22038052419,R,0,1
-0.791904514505,3.19488541918,R,0,1
-0.809001010737,3.1668821366,R,0,1
-0.824144552467,3.13608626982,R,0,1
-0.837393391605,3.10210994272,R,0,1
-0.848794376046,3.06440579633,R,0,1
-0.858384978693,3.02216549175,R,0,1
-0.86619481906,2.97411782496,R,0,1
-0.87224680218,2.91807087015,R,0,1
-0.876557960674,2.84964170169,R,0,1
-0.87914005902,2.75716589516,R,0,1
-0.88,2.4999987074,R,0,1
-0.87922601915,2.20586436903,R,0,1
-0.87690161988,2.11219223159,R,0,1
-0.873019353673,2.0445082459,R,0,1
-0.867566540353,1.98990242752,R,0,1
-0.860524851806,1.94360534118,R,0,1
-0.851869692574,1.90325619326,R,0,1
-0.84156933579,1.8674952073,R,0,1
-0.829583752957,1.83546169279,R,0,1
-0.81586304807,1.80657454902,R,0,1
-0.800345365774,1.7804226565,R,0,1
-0.78295408185,1.75670473134,R,0,1
-0.763593989217,1.73519390181,R,0,1
-0.742146040705,1.71571566285,R,0,1
-0.718459958751,1.69813353791,R,0,1
-0.692343591724,1.68233941271,R,0,1
-0.6635471258,1.66824682369,R,0,1
-0.63173881019,1.65578618354,R,0,1
-0.596465951517,1.6449013175,R,0,1
-0.557088686073,1.63554691185,R,0,1
-0.512659287245,1.62768661418,R,0,1
-0.46168047307,1.62129161131,R,0,1
-0.401552718001,1.61633956656,R,0,1
-0.327024284317,1.61281383501,R,0,1
-0.223879683544,1.61070290098,R,0,1
0.0999999955602,1.61,R,0,1
0.29803027817,1.61092475435,R,0,1
0.384916072543,1.6137005649,R,0,1
0.452081563682,1.61833213793,R,0,1
0.508643179625,1.62482753378,R,0,1
0.558129851421,1.63319850504,R,0,1
0.602336954219,1.64346099863,R,0,1
0.642316591729,1.65563585378,R,0,1
0.678741644316,1.6697497436,R,0,1
0.712068745446,1.68583642901,R,0,1
0.742621240088,1.70393842468,R,0,1
0.770635450453,1.72410922301,R,0,1
0.796288310213,1.74641629266,R,0,1
0.819714776675,1.77094518107,R,0,1
0.841019281398,1.79780523423,R,0,1
0.860283526988,1.82713776038,R,0,1
0.877571949822,1.85912801947,R,0,1
0.892935638131,1.89402345477,R,0,1
0.906415195828,1.93216262748,R,0,1
0.918042866476,1.9740236597,R,0,1
0.927844124398,2.02031109675,R,0,1
0.935838872236,2.0721265531,R,0,1
0.942042340181,2.13134989214,R,0,1
0.946465752628,2.20167611228,R,0,1
0.949116807642,2.29265064992,R,0,1
0.95,2.49999996369,R,0,1
0.92,2.5,R,0,2
0.919074989983,2.67169941081,R,0,2
0.916298907603,2.75485652553,R,0,2
0.911668540961,2.82070187086,R,0,2
0.905178350739,2.87700599945,R,0,2
0.896820179583,2.92682301218,R,0,2
0.886582821284,2.9717191368,R,0,2
0.874451422631,3.01261572453,R,0,2
0.860406678052,3.0501025253,R,0,2
0.844423759324,3.08457910927,R,0,2
0.826470896862,3.11632734744,R,0,2
0.806507490802,3.14555206985,R,0,2
0.784481571236,3.1724054742,R,0,2
0.760326333946,3.19700257559,R,0,2
0.73395532608,3.21943140832,R,0,2
0.705255598688,3.23975999863,R,0,2
0.674077688142,3.25804126712,R,0,2
0.640220444003,3.27431655631,R,0,2
0.603407058821,3.28861821695,R,0,2
0.563245140326,3.30097153143,R,0,2
0.519155532921,3.31139615848,R,0,2
0.470233436582,3.31990722301,R,0,2
0.414940759406,3.32651613622,R,0,2
0.350278264591,3.33123120469,R,0,2
0.268614990256,3.33405806907,R,0,2
0.0999998345848,3.335,R,0,2
-0.180544612904,3.33426729519,R,0,2
-0.281427310934,3.332067242,R,0,2
-0.356077312894,3.328393959,R,0,2
-0.417219445415,3.32323742236,R,0,2
-0.469635081909,3.3165831196,R,0,2
-0.515715414182,3.30841153469,R,0,2
-0.556847210245,3.2986974306,R,0,2
-0.593912294354,3.28740887889,R,0,2
-0.627507785377,3.27450596323,R,0,2
-0.658056820921,3.25993905062,R,0,2
-0.685869662751,3.24364647418,R,0,2
-0.711179863578,3.22555139469,R,0,2
-0.734166872939,3.20555748551,R,0,2
-0.754970796667,3.18354288375,R,0,2
-0.773702381556,3.1593515057,R,0,2
-0.790449969702,3.13278020916,R,0,2
-0.805284459559,3.10355913103,R,0,2
-0.818262914225,3.07132022974,R,0,2
-0.829431225514,3.03554413629,R,0,2
-0.838826101577,2.99546384729,R,0,2
-0.846476557446,2.94987316346,R,0,2
-0.852405030707,2.89669224611,R,0,2
-0.856628206374,2.83176229649,R,0,2
-0.859157608836,2.74401536643,R,0,2
-0.86,2.49999883811,R,0,2
-0.859241814678,2.2356084216,R,0,2
-0.856964852128,2.1514087475,R,0,2
-0.853161815843,2.0905692098,R,0,2
-0.847820284428,2.04148532811,R,0,2
-0.84092230381,1.9998699696,R,0,2
-0.832443780481,1.96360107259,R,0,2
-0.82235363506,1.93145636611,R,0,2
-0.810612655958,1.90266219576,R,0,2
-0.797171965456,1.87669622384,R,0,2
-0.781970970555,1.85318890472,R,0,2
-0.764934610792,1.83186942143,R,0,2
-0.745969622091,1.81253384432,R,0,2
-0.724959386813,1.79502531492,R,0,2
-0.701756694287,1.77922115767,R,0,2
-0.676173314341,1.7650241912,R,0,2
-0.647964531396,1.75235669545,R,0,2
-0.616805365084,1.74115612004,R,0,2
-0.58225236067,1.73137197078,R,0,2
-0.543678712887,1.72296351627,R,0,2
-0.500156036485,1.71589808016,R,0,2
-0.450217606273,1.71014976298,R,0,2
-0.391316948246,1.7056984868,R,0,2
-0.318309503005,1.70252928989,R,0,2
-0.217269894084,1.7006318211,R,0,2
0.0999999957169,1.7,R,0,2
0.291040974235,1.70083123987,R,0,2
0.374860211159,1.70332635047,R,0,2
0.439655155553,1.70748956218,R,0,2
0.494220479168,1.71332812025,R,0,2
0.541960562547,1.7208525888,R,0,2
0.584607414658,1.73007730214,R,0,2
0.623176006139,1.74102099216,R,0,2
0.658315468635,1.7537076347,R,0,2
0.690466319136,1.76816757664,R,0,2
0.719940490438,1.78443903342,R,0,2
0.746965963967,1.8025700881,R,0,2
0.771713428677,1.82262138666,R,0,2
0.794313078675,1.84466982568,R,0,2
0.814865659701,1.86881369369,R,0,2
0.833449990742,1.89518000933,R,0,2
0.850128233946,1.9239352984,R,0,2
0.864949674432,1.95530198182,R,0,2
0.877953483034,1.98958438425,R,0,2
0.889170765306,2.02721227838,R,0,2
0.898626096478,2.06881896337,R,0,2
0.906338676746,2.11539465447,R,0,2
0.912323198763,2.16862911653,R,0,2
0.916590490771,2.23184369643,R,0,2
0.919147979137,2.31361856172,R,0,2
0.92,2.49999996736,R,0,2
1.01,2.5,R,1,0
1.00902892328,2.70606339066,R,1,0
1.00611423218,2.79940294483,R,1,0
1.0012514799,2.87210619327,R,1,0
0.994433038169,2.93362722743,R,1,0
0.98564775839,2.98764370104,R,1,0
0.974880468909,3.03603162548,R,1,0
0.962111276274,3.0798918906,R,1,0
0.947314623255,3.11992892528,R,1,0
0.930458035143,3.15662066242,R,1,0
0.911500455198,3.19030524109,R,1,0
0.890390024392,3.22122944887,R,1,0
0.867061090284,3.24957770227,R,1,0
0.841430118548,3.27549033303,R,1,0
0.813389998341,3.29907562906,R,1,0
0.782801923252,3.32041804262,R,1,0
0.749483481305,3.33958394762,R,1,0
0.713190567401,3.35662577296,R,1,0
0.673588717873,3.37158502656,R,1,0
0.630205194773,3.38449454,R,1,0
0.582343226025,3.39538015134,R,1,0
0.528913888005,3.40426197265,R,1,0
0.46806156073,3.41115534232,R,1,0
0.396148564999,3.41607153144,R,1,0
0.303823571199,3.41901825211,R,1,0
0.0999999744215,3.42,R,1,0
-0.160603580027,3.41909184685,R,1,0
-0.26818531397,3.41636558381,R,1,0
-0.35019065945,3.41181573194,R,1,0
-0.418635692907,3.40543292826,R,1,0
-0.478128689061,3.39720356408,R,1,0
-0.531001993803,3.38710924787,R,1,0
-0.578618362378,3.3751260579,R,1,0
-0.621848165412,3.36122353311,R,1,0
-0.661281985502,3.34536332789,R,1,0
-0.697338402988,3.32749742238,R,1,0
-0.730323905059,3.30756573026,R,1,0
-0.760468564081,3.28549286836,R,1,0
-0.787948459889,3.26118372976,R,1,0
-0.812900390725,3.23451730063,R,1,0
-0.835431868773,3.20533781803,R,1,0
-0.855628109791,3.17344175641,R,1,0
-0.873557037433,3.13855799248,R,1,0
-0.889272935012,3.10031624364,R,1,0
-0.902819149766,3.05819407144,R,1,0
-0.914230115913,3.01142153263,R,1,0
-0.923532875425,2.95879311296,R,1,0
-0.930748218717,2.89824558336,R,1,0
-0.935891529525,2.82570239313,R,1,0
-0.938973392089,2.73053393618,R,1,0
-0.94,2.49999969016,R,1,0
-0.939087409572,2.22237772681,R,1,0
-0.936347223572,2.12254589022,R,1,0
-0.931772116599,2.04867349245,R,1,0
-0.9253496039,1.98816825714,R,1,0
-0.917061610042,1.93629861686,R,1,0
-0.90688382764,1.89069828805,R,1,0
-0.894784823744,1.8499949482,R,1,0
-0.880724831189,1.81331595871,R,1,0
-0.864654133844,1.78007042072,R,1,0
-0.846510913352,1.7498396043,R,1,0
-0.826218363056,1.72231647957,R,1,0
-0.803680779018,1.69726992667,R,1,0
-0.778778185543,1.67452236532,R,1,0
-0.751358801313,1.65393514913,R,1,0
-0.721228222665,1.63539868492,R,1,0
-0.688133434159,1.61882555082,R,1,0
-0.651738318884,1.60414558689,R,1,0
-0.611584477765,1.59130232446,R,1,0
-0.567025032031,1.58025034975,R,1,0
-0.517104672068,1.57095333698,R,1,0
-0.460321065866,1.56338257336,R,1,0
-0.394083755636,1.55751585503,R,1,0
-0.313212920179,1.55333667078,R,1,0
-0.203923330646,1.55083361626,R,1,0
0.0999999707749,1.55,R,1,0
0.343562262776,1.55089313228,R,1,0
0.438492560294,1.55357455547,R,1,0
0.509940261639,1.55805042093,R,1,0
0.569093642618,1.56433122604,R,1,0
0.62020659222,1.57243219757,R,1,0
0.665421400588,1.58237386115,R,1,0
0.705986012048,1.59418283428,R,1,0
0.742696144986,1.6078928978,R,1,0
0.776091390256,1.62354642574,R,1,0
0.806554274584,1.64119628935,R,1,0
0.834365153758,1.66090840539,R,1,0
0.859734817304,1.68276518168,R,1,0
0.882824931231,1.70687024567,R,1,0
0.903761422208,1.73335505926,R,1,0
0.922643554415,1.76238839467,R,1,0
0.939550265873,1.79419030688,R,1,0
0.954544697894,1.82905347501,R,1,0
0.967677495584,1.86737724017,R,1,0
0.97898924879,1.90972491147,R,1,0
0.988512316008,1.95692718395,R,1,0
0.996272194001,2.01028685661,R,1,0
1.00228854417,2.0720403862,R,1,0
1.00657595213,2.14662864585,R,1,0
1.00914447329,2.2457317037,R,1,0
1.01,2.49999980404,R,1,0
0.95,2.5,R,1,1
0.949160945457,2.7129933106,R,1,1
0.946642115477,2.8009206893,R,1,1
0.94243844799,2.86794428897,R,1,1
0.936541292415,2.92388494132,R,1,1
0.928938075506,2.97250902471,R,1,1
0.919611805097,3.0157227834,R,1,1
0.908540379577,3.05464000771,R,1,1
0.895695655594,3.08997205827,R,1,1
0.881042205118,3.12220162277,R,1,1
0.864535661978,3.15167081013,R,1,1
0.84612051165,3.17863011471,R,1,1
0.82572710664,3.20326757641,R,1,1
0.803267576413,3.22572710664,R,1,1
0.778630114712,3.24612051165,R,1,1
0.751670810134,3.26453566198,R,1,1
0.722201622766,3.28104220512,R,1,1
0.689972058269,3.29569565559,R,1,1
0.654640007713,3.30854037958,R,1,1
0.615722783397,3.3196118051,R,1,1
0.572509024714,3.32893807551,R,1,1
0.523884941319,3.33654129242,R,1,1
0.467944288973,3.34243844799,R,1,1
0.400920689302,3.34664211548,R,1,1
0.312993310599,3.34916094546,R,1,1
0.0999998276925,3.35,R,1,1
-0.192233971775,3.34925413282,R,1,1
-0.297320115556,3.34701455773,R,1,1
-0.375080534265,3.3432752876,R,1,1
-0.438770255641,3.33802611857,R,1,1
-0.493369876988,3.33125227744,R,1,1
-0.541370223107,3.32293389759,R,1,1
-0.584215844005,3.31304528864,R,1,1
-0.622825306619,3.30155394857,R,1,1
-0.657820609768,3.28841924401,R,1,1
-0.689642521793,3.27359065034,R,1,1
-0.718614232032,3.25700539288,R,1,1
-0.744979024561,3.23858525208,R,1,1
-0.768923825978,3.21823217088,R,1,1
-0.790594579862,3.19582209723,R,1,1
-0.810106647454,3.17119614352,R,1,1
-0.827552051773,3.1441475183,R,1,1
-0.843004645374,3.11440151063,R,1,1
-0.856523868985,3.0815834674,R,1,1
-0.868157526577,3.04516468964,R,1,1
-0.877943855809,3.00436439544,R,1,1
-0.885913080673,2.95795471729,R,1,1
-0.892088573653,2.90381845413,R,1,1
-0.896487714973,2.83772209822,R,1,1
-0.899122509204,2.74839887601,R,1,1
-0.9,2.49999869287,R,1,1
-0.899210223623,2.2025594743,R,1,1
-0.896838387633,2.10783484093,R,1,1
-0.892876891503,2.03939036102,R,1,1
-0.887312796279,1.98417099412,R,1,1
-0.880127399802,1.9373537158,R,1,1
-0.871295604667,1.89655120667,R,1,1
-0.860785036521,1.86038841187,R,1,1
-0.848554849956,1.82799497023,R,1,1
-0.834554130684,1.79878325182,R,1,1
-0.818719760994,1.7723375178,R,1,1
-0.800973552908,1.74835309911,R,1,1
-0.781218356344,1.72660057486,R,1,1
-0.759332694597,1.70690347929,R,1,1
-0.735163223215,1.68912380238,R,1,1
-0.708513869106,1.67315221511,R,1,1
-0.679129720204,1.65890128238,R,1,1
-0.646672255296,1.64630063504,R,1,1
-0.610679542364,1.63529346713,R,1,1
-0.570498659258,1.6258339558,R,1,1
-0.525162538005,1.61788534018,R,1,1
-0.473143339867,1.61141848335,R,1,1
-0.411788487756,1.60641079765,R,1,1
-0.33573906563,1.60284545113,R,1,1
-0.230489473004,1.60071079874,R,1,1
0.0999999727018,1.6,R,1,1
0.327503212483,1.60084612531,R,1,1
0.416174369505,1.60338642097,R,1,1
0.482911233399,1.60762671456,R,1,1
0.538164391456,1.61357695099,R,1,1
0.585907256469,1.6212515556,R,1,1
0.628140868682,1.63066997372,R,1,1
0.666030890374,1.64185742195,R,1,1
0.700320574987,1.65484590318,R,1,1
0.731513935954,1.66967556122,R,1,1
0.759968278457,1.68639648464,R,1,1
0.785945473291,1.70507112089,R,1,1
0.809642411767,1.72577754054,R,1,1
0.831210100601,1.74861391695,R,1,1
0.850766163601,1.77370479299,R,1,1
0.868403320058,1.8012100581,R,1,1
0.884195303288,1.83133818546,R,1,1
0.898201091439,1.86436645001,R,1,1
0.910467990381,1.9006731749,R,1,1
0.921033913705,1.9407920214,R,1,1
0.929929086381,1.98550996374,R,1,1
0.937177324067,2.03606123258,R,1,1
0.942796991803,2.0945645764,R,1,1
0.946801713527,2.16522713817,R,1,1
0.949200881648,2.25911424561,R,1,1
0.95,2.49999981436,R,1,1
0.95,2.5,R,1,2
0.948757251681,2.60938810364,R,1,2
0.945030090557,2.68252394529,R,1,2
0.938821728762,2.74586553406,R,1,2
0.93013738671,2.80322030327,R,1,2
0.918984086488,2.85614601091,R,1,2
0.905370348084,2.90544652343,R,1,2
0.889305772112,2.95158634728,R,1,2
0.870800485053,2.99485106305,R,1,2
0.849864412516,3.03542208313,R,1,2
0.826506330931,3.07341599582,R,1,2
0.800732625832,3.10890715468,R,1,2
0.772545651011,3.14194152988,R,1,2
0.741941529879,3.17254565101,R,1,2
0.708907154684,3.20073262583,R,1,2
0.673415995818,3.22650633093,R,1,2
0.635422083131,3.24986441252,R,1,2
0.594851063048,3.27080048505,R,1,2
0.551586347283,3.28930577211,R,1,2
0.505446523426,3.30537034808,R,1,2
0.456146010908,3.31898408649,R,1,2
0.403220303273,3.33013738671,R,1,2
0.345865534063,3.33882172876,R,1,2
0.282523945291,3.34503009056,R,1,2
0.209388103641,3.34875725168,R,1,2
0.0999998276925,3.35,R,1,2
-0.192233971775,3.34925413282,R,1,2
-0.297320115556,3.34701455773,R,1,2
-0.375080534265,3.3432752876,R,1,2
-0.438770255641,3.33802611857,R,1,2
-0.493369876988,3.33125227744,R,1,2
-0.541370223107,3.32293389759,R,1,2
-0.584215844005,3.31304528864,R,1,2
-0.622825306619,3.30155394857,R,1,2
-0.657820609768,3.28841924401,R,1,2
-0.689642521793,3.27359065034,R,1,2
-0.718614232032,3.25700539288,R,1,2
-0.744979024561,3.23858525208,R,1,2
-0.768923825978,3.21823217088,R,1,2
-0.790594579862,3.19582209723,R,1,2
-0.810106647454,3.17119614352,R,1,2
-0.827552051773,3.1441475183,R,1,2
-0.843004645374,3.11440151063,R,1,2
-0.856523868985,3.0815834674,R,1,2
-0.868157526577,3.04516468964,R,1,2
-0.877943855809,3.00436439544,R,1,2
-0.885913080673,2.95795471729,R,1,2
-0.892088573653,2.90381845413,R,1,2
-0.896487714973,2.83772209822,R,1,2
-0.899122509204,2.74839887601,R,1,2
-0.9,2.49999600717,R,1,2
-0.899281995693,2.20395645769,R,1,2
-0.897125393414,2.11936466001,R,1,2
-0.89352234473,2.05942297249,R,1,2
-0.888459496092,2.01165770804,R,1,2
-0.881917561634,1.971525471,R,1,2
-0.873870687137,1.93679702464,R,1,2
-0.864285561991,1.90619611917,R,1,2
-0.853120215263,1.87891839284,R,1,2
-0.840322402709,1.85442240883,R,1,2
-0.825827448882,1.83232588289,R,1,2
-0.809555344162,1.81234900617,R,1,2
-0.791406796645,1.79428119914,R,1,2
-0.771257778835,1.77796049472,R,1,2
-0.748951844239,1.76326017123,R,1,2
-0.724289033463,1.75007976641,R,1,2
-0.697009371818,1.73833885381,R,1,2
-0.666767416247,1.72797262564,R,1,2
-0.633091210899,1.71892869479,R,1,2
-0.595312315254,1.71116474342,R,1,2
-0.552437690125,1.70464677508,R,1,2
-0.502891718469,1.69934780817,R,1,2
-0.443922256181,1.69524690077,R,1,2
-0.369920172832,1.69232843133,R,1,2
-0.265485854708,1.69058158349,R,1,2
0.0999999727018,1.69,R,1,2
0.327503212483,1.69076151278,R,1,2
0.416174369505,1.69304777887,R,1,2
0.482911233399,1.69686404311,R,1,2
0.538164391456,1.70221925589,R,1,2
0.585907256469,1.70912640004,R,1,2
0.628140868682,1.71760297635,R,1,2
0.666030890374,1.72767167975,R,1,2
0.700320574987,1.73936131286,R,1,2
0.731513935954,1.7527080051,R,1,2
0.759968278457,1.76775683618,R,1,2
0.785945473291,1.7845640088,R,1,2
0.809642411767,1.80319978649,R,1,2
0.831210100601,1.82375252526,R,1,2
0.850766163601,1.84633431369,R,1,2
0.868403320058,1.87108905229,R,1,2
0.884195303288,1.89820436691,R,1,2
0.898201091439,1.92792980501,R,1,2
0.910467990381,1.96060585741,R,1,2
0.921033913705,1.99671281926,R,1,2
0.929929086381,2.03695896736,R,1,2
0.937177324067,2.08245510932,R,1,2
0.942796991803,2.13510811876,R,1,2
0.946801713527,2.19870442435,R,1,2
0.949200881648,2.28320282105,R,1,2
0.95,2.49999983292,R,1,2
1.01,2.5,R,2,0
1.00887728618,2.67019822669,R,2,0
1.0055085816,2.76215771067,R,2,0
0.999892141752,2.83707392563,R,2,0
0.992024872191,2.90230697419,R,2,0
0.981902037117,2.96079760226,R,2,0
0.96951682807,3.01406492574,R,2,0
0.954859766454,3.06300411281,R,2,0
0.937917901237,3.10818664621,R,2,0
0.918673745982,3.14999722153,R,2,0
0.897103874624,3.18870448521,R,2,0
0.873177058705,3.22450099415,R,2,0
0.846851772567,3.25752735416,R,2,0
0.818072804462,3.28788758425,R,2,0
0.78676656737,3.31565931468,R,2,0
0.752834459935,3.34090079081,R,2,0
0.71614319958,3.36365581994,R,2,0
0.676510258383,3.38395734636,R,2,0
0.633680981935,3.40183008329,R,2,0
0.58729071086,3.41729247796,R,2,0
0.536797727147,3.430358193,R,2,0
0.481353485949,3.44103722781,R,2,0
0.419517991999,3.44933676493,R,2,0
0.348503663238,3.45526180037,R,2,0
0.261333735712,3.45881559861,R,2,0
0.0999998190771,3.46,R,2,0
-0.206845670363,3.45915760884,R,2,0
-0.317186121334,3.45662820637,R,2,0
-0.398834560978,3.45240503071,R,2,0
-0.465708768423,3.44647655745,R,2,0
-0.523038370838,3.43882610158,R,2,0
-0.573438734262,3.42943122551,R,2,0
-0.618426636205,3.41826291423,R,2,0
-0.65896657195,3.40528445956,R,2,0
-0.695711640256,3.3904499697,R,2,0
-0.729124647882,3.37370238156,R,2,0
-0.759544943633,3.35497079667,R,2,0
-0.787227975789,3.33416687294,R,2,0
-0.812370017277,3.31117986358,R,2,0
-0.835124308855,3.28586966275,R,2,0
-0.855611979827,3.25805682092,R,2,0
-0.873929654361,3.22750778538,R,2,0
-0.890154877643,3.19391229435,R,2,0
-0.904350062434,3.15684721024,R,2,0
-0.916565402906,3.11571541418,R,2,0
-0.9268410486,3.06963508191,R,2,0
-0.935208734707,3.01721944542,R,2,0
-0.941693002335,2.95607731289,R,2,0
-0.946312100722,2.88142731093,R,2,0
-0.949078634664,2.7805446129,R,2,0
-0.95,2.49999856216,R,2,0
-0.949170734804,2.17281542173,R,2,0
-0.946680307015,2.06861832503,R,2,0
-0.942520736078,1.99332939712,R,2,0
-0.936678436093,1.93258809353,R,2,0
-0.929133769792,1.88108908738,R,2,0
-0.919860384901,1.83620632733,R,2,0
-0.908824288347,1.79642725306,R,2,0
-0.895982592454,1.76079446726,R,2,0
-0.881281837218,1.728661577,R,2,0
-0.864655749044,1.69957126959,R,2,0
-0.846022230553,1.67318840902,R,2,0
-0.825279274162,1.64926063235,R,2,0
-0.802299329327,1.62759382722,R,2,0
-0.776921384376,1.60803618262,R,2,0
-0.748939562561,1.59046743662,R,2,0
-0.718086206214,1.57479141062,R,2,0
-0.684005868061,1.56093069854,R,2,0
-0.646213519483,1.54882281384,R,2,0
-0.604023592221,1.53841735138,R,2,0
-0.556420664905,1.5296738742,R,2,0
-0.501800506861,1.52256033168,R,2,0
-0.437377912144,1.51705187741,R,2,0
-0.357526018911,1.51312999624,R,2,0
-0.247013946654,1.51078187861,R,2,0
0.0999999707749,1.51,R,2,0
0.343562262776,1.51093073785,R,2,0
0.438492560294,1.51372506307,R,2,0
0.509940261639,1.51838938602,R,2,0
0.569093642618,1.52493464609,R,2,0
0.62020659222,1.53337671116,R,2,0
0.665421400588,1.5437369711,R,2,0
0.705986012048,1.55604316414,R,2,0
0.742696144986,1.5703304935,R,2,0
0.776091390256,1.58664311735,R,2,0
0.806554274584,1.60503613311,R,2,0
0.834365153758,1.62557823298,R,2,0
0.859734817304,1.64835529459,R,2,0
0.882824931231,1.67347530865,R,2,0
0.903761422208,1.70107527229,R,2,0
0.922643554415,1.73133106391,R,2,0
0.939550265873,1.76447200401,R,2,0
0.954544697894,1.80080309502,R,2,0
0.967677495584,1.84074049239,R,2,0
0.97898924879,1.88487122354,R,2,0
0.988512316008,1.93406096011,R,2,0
0.996272194001,1.98966735583,R,2,0
1.00228854417,2.05402103404,R,2,0
1.00657595213,2.13174985199,R,2,0
1.00914447329,2.23502567017,R,2,0
1.01,2.49999979579,R,2,0
0.97,2.5,R,2,1
0.969141202997,2.71549911425,R,2,1
0.96656310643,2.80446093271,R,2,1
0.962260529119,2.87227304531,R,2,1
0.956224616942,2.92887182298,R,2,1
0.948442500812,2.97806795442,R,2,1
0.938896788746,3.02179011026,R,2,1
0.927564859097,3.06116518427,R,2,1
0.914417906314,3.09691290601,R,2,1
0.899419668768,3.12952164186,R,2,1
0.882524736377,3.15933752555,R,2,1
0.863676288395,3.18661399841,R,2,1
0.842803038561,3.21154131261,R,2,1
0.819815048799,3.2342650726,R,2,1
0.794597882117,3.25489840002,R,2,1
0.767004240961,3.27353019918,R,2,1
0.736841660948,3.29023093694,R,2,1
0.703853753758,3.30505678095,R,2,1
0.667690360836,3.31805261934,R,2,1
0.627857437124,3.32925429692,R,2,1
0.583626884119,3.33869028816,R,2,1
0.533858704644,3.34638295468,R,2,1
0.476601801655,3.35234948855,R,2,1
0.408001176109,3.35660261095,R,2,1
0.318004917907,3.35915107423,R,2,1
0.0999970753955,3.36,R,2,1
-0.265485854708,3.3593825163,R,2,1
-0.369920172832,3.35752783834,R,2,1
-0.443922256181,3.35442921647,R,2,1
-0.502891718469,3.35007516664,R,2,1
-0.552437690125,3.34444910301,R,2,1
-0.595312315254,3.33752879094,R,2,1
-0.633091210899,3.32928558331,R,2,1
-0.666767416247,3.31968338513,R,2,1
-0.697009371818,3.30867726633,R,2,1
-0.724289033463,3.29621160604,R,2,1
-0.748951844239,3.28221759598,R,2,1
-0.771257778835,3.26660984511,R,2,1
-0.791406796645,3.2492816898,R,2,1
-0.809555344162,3.23009858605,R,2,1
-0.825827448882,3.20888856878,R,2,1
-0.840322402709,3.18542805976,R,2,1
-0.853120215263,3.15941997797,R,2,1
-0.864285561991,3.13045844137,R,2,1
-0.873870687137,3.09796859112,R,2,1
-0.881917561634,3.06109641351,R,2,1
-0.888459496092,3.01848687788,R,2,1
-0.89352234473,2.96777314032,R,2,1
-0.897125393414,2.90413134864,R,2,1
-0.899281995693,2.81431783505,R,2,1
-0.9,2.49999551423,R,2,1
-0.899281995693,2.16740787222,R,2,1
-0.897125393414,2.07237264272,R,2,1
-0.89352234473,2.00503074688,R,2,1
-0.888459496092,1.95136853619,R,2,1
-0.881917561634,1.90628170199,R,2,1
-0.873870687137,1.86726579312,R,2,1
-0.864285561991,1.83288699808,R,2,1
-0.853120215263,1.80224165121,R,2,1
-0.840322402709,1.77472147165,R,2,1
-0.825827448882,1.74989697955,R,2,1
-0.809555344162,1.72745382174,R,2,1
-0.791406796645,1.70715542126,R,2,1
-0.771257778835,1.68881981505,R,2,1
-0.748951844239,1.67230463681,R,2,1
-0.724289033463,1.65749702152,R,2,1
-0.697009371818,1.64430661353,R,2,1
-0.666767416247,1.63266060411,R,2,1
-0.633091210899,1.62250013859,R,2,1
-0.595312315254,1.61377767471,R,2,1
-0.552437690125,1.60645501891,R,2,1
-0.502891718469,1.60050185856,R,2,1
-0.443922256181,1.5958946663,R,2,1
-0.369920172832,1.59261589199,R,2,1
-0.265485854708,1.59065338392,R,2,1
0.0999992286512,1.59,R,2,1
0.400034240766,1.59069106483,R,2,1
0.49140075075,1.5927665792,R,2,1
0.55687625959,1.59623357582,R,2,1
0.609424784065,1.60110402378,R,2,1
0.653807232835,1.60739521665,R,2,1
0.692371519088,1.61513035014,R,2,1
0.726466597627,1.62433932816,R,2,1
0.756944803474,1.63505985501,R,2,1
0.784380896875,1.64733889756,R,2,1
0.809181190734,1.66123463987,R,2,1
0.831643313836,1.67681911009,R,2,1
0.851991348986,1.69418174949,R,2,1
0.870397668074,1.71343433612,R,2,1
0.886997114525,1.73471791311,R,2,1
0.901896553093,1.75821277751,R,2,1
0.91518149354,1.78415331476,R,2,1
0.926920797959,1.81285083775,R,2,1
0.937170092855,1.84473034041,R,2,1
0.945974280636,1.88039300877,R,2,1
0.953369408261,1.92073036566,R,2,1
0.95938406518,1.96715338678,R,2,1
0.964040427509,2.02211793537,R,2,1
0.967355028673,2.09060381243,R,2,1
0.969339311647,2.1861710815,R,2,1
0.97,2.49999637622,R,2,1
0.95,2.5,R,2,2
0.948983070696,2.65880708757,R,2,2
0.945931544061,2.741430652,R,2,2
0.940843150446,2.80806827378,R,2,2
0.933713925834,2.86572203095,R,2,2
0.924537929086,2.91717409088,R,2,2
0.913306823191,2.96385843855,R,2,2
0.900009294699,3.00661994133,R,2,2
0.884630273296,3.04599878276,R,2,2
0.867149896612,3.08235968977,R,2,2
0.847542140917,3.11595851355,R,2,2
0.825773002125,3.14697974722,R,2,2
0.801798056002,3.17555913886,R,2,2
0.775559138859,3.201798056,R,2,2
0.746979747216,3.22577300213,R,2,2
0.71595851355,3.24754214092,R,2,2
0.682359689772,3.26714989661,R,2,2
0.645998782761,3.2846302733,R,2,2
0.606619941327,3.3000092947,R,2,2
0.563858438546,3.31330682319,R,2,2
0.517174090882,3.32453792909,R,2,2
0.465722030954,3.33371392583,R,2,2
0.408068273782,3.34084315045,R,2,2
0.341430652001,3.34593154406,R,2,2
0.258807087575,3.3489830707,R,2,2
0.0999998242463,3.35,R,2,2
-0.19807865121,3.34925413282,R,2,2
-0.305266517867,3.34701455773,R,2,2
-0.38458214495,3.3432752876,R,2,2
-0.449545660753,3.33802611857,R,2,2
-0.505237274528,3.33125227744,R,2,2
-0.554197627569,3.32293389759,R,2,2
-0.597900160885,3.31304528864,R,2,2
-0.637281812751,3.30155394857,R,2,2
-0.672977021963,3.28841924401,R,2,2
-0.705435372229,3.27359065034,R,2,2
-0.734986516672,3.25700539288,R,2,2
-0.761878605052,3.23858525208,R,2,2
-0.786302302498,3.21823217088,R,2,2
-0.808406471459,3.19582209723,R,2,2
-0.828308780403,3.17119614352,R,2,2
-0.846103092808,3.1441475183,R,2,2
-0.861864738282,3.11440151063,R,2,2
-0.875654346364,3.0815834674,R,2,2
-0.887520677109,3.04516468964,R,2,2
-0.897502732926,3.00436439544,R,2,2
-0.905631342287,2.95795471729,R,2,2
-0.911930345126,2.90381845413,R,2,2
-0.916417469273,2.83772209822,R,2,2
-0.919104959388,2.74839887601,R,2,2
-0.92,2.4999957607,R,2,2
-0.919267635607,2.18568216495,R,2,2
-0.917067901283,2.09586865136,R,2,2
-0.913392791625,2.03222685968,R,2,2
-0.908228686013,1.98151312212,R,2,2
-0.901555912867,1.93890358649,R,2,2
-0.89334810088,1.90203140888,R,2,2
-0.883571273231,1.86954155863,R,2,2
-0.872182619569,1.84058002203,R,2,2
-0.859128850763,1.81457194024,R,2,2
-0.844343997859,1.79111143122,R,2,2
-0.827746451045,1.76990141395,R,2,2
-0.809234932577,1.7507183102,R,2,2
-0.788682934412,1.73339015489,R,2,2
-0.765930881124,1.71778240402,R,2,2
-0.740774814133,1.70378839396,R,2,2
-0.712949559255,1.69132273367,R,2,2
-0.682102764572,1.68031661487,R,2,2
-0.647753035117,1.67071441669,R,2,2
-0.609218561559,1.66247120906,R,2,2
-0.565486443927,1.65555089699,R,2,2
-0.514949552839,1.64992483336,R,2,2
-0.454800701305,1.64557078353,R,2,2
-0.379318576289,1.64247216166,R,2,2
-0.272795571802,1.6406174837,R,2,2
0.0999999727018,1.64,R,2,2
0.327503212483,1.64080851974,R,2,2
0.416174369505,1.64323591337,R,2,2
0.482911233399,1.64728774947,R,2,2
0.538164391456,1.65297353094,R,2,2
0.585907256469,1.66030704201,R,2,2
0.628140868682,1.66930686378,R,2,2
0.666030890374,1.67999709209,R,2,2
0.700320574987,1.69240830748,R,2,2
0.731513935954,1.70657886961,R,2,2
0.759968278457,1.72255664088,R,2,2
0.785945473291,1.7404012933,R,2,2
0.809642411767,1.76018742763,R,2,2
0.831210100601,1.78200885398,R,2,2
0.850766163601,1.80598457996,R,2,2
0.868403320058,1.83226738885,R,2,2
0.884195303288,1.86105648833,R,2,2
0.898201091439,1.89261683001,R,2,2
0.910467990381,1.92730992268,R,2,2
0.921033913705,1.96564570933,R,2,2
0.929929086381,2.00837618757,R,2,2
0.937177324067,2.05668073335,R,2,2
0.942796991803,2.11258392856,R,2,2
0.946801713527,2.18010593203,R,2,2
0.949200881648,2.26982027913,R,2,2
0.95,2.49999982261,R,2,2
1.01,2.5,R,3,0
1.00880248786,2.66113735207,R,3,0
1.00520994312,2.75545299652,R,3,0
0.999222290348,2.83400350637,R,3,0
0.990839233047,2.90337185156,R,3,0
0.980059987618,2.96621733174,R,3,0
0.966882890441,3.02391805045,R,3,0
0.951304854773,3.0772844533,R,3,0
0.933320643455,3.12683060888,R,3,0
0.912921908283,3.1728988562,R,3,0
0.890095925293,3.21572462877,R,3,0
0.864823923084,3.25547327895,R,3,0
0.837078852406,3.2922624347,R,3,0
0.806822368212,3.3261762961,R,3,0
0.774000670438,3.35727516653,R,3,0
0.738538639391,3.38560202615,R,3,0
0.700331332496,3.4111871939,R,3,0
0.659231229487,3.43405171025,R,3,0
0.615028286768,3.45420983722,R,3,0
0.567417084223,3.47167093214,R,3,0
0.515938992043,3.48644086524,R,3,0
0.459870965603,3.49852309638,R,3,0
0.397983520388,3.50791949028,R,3,0
0.327904143958,3.51463092525,R,3,0
0.243759794494,3.51865773365,R,3,0
0.0999991412571,3.52,R,3,0
-0.247013946654,3.5191944281,R,3,0
-0.357526018911,3.51677515539,R,3,0
-0.437377912144,3.51273442933,R,3,0
-0.501800506861,3.5070590522,R,3,0
-0.556420664905,3.4997299478,R,3,0
-0.604023592221,3.49072151676,R,3,0
-0.646213519483,3.48000073725,R,3,0
-0.684005868061,3.46752594696,R,3,0
-0.718086206214,3.4532452133,R,3,0
-0.748939562561,3.43709415621,R,3,0
-0.776921384376,3.41899302397,R,3,0
-0.802299329327,3.39884272347,R,3,0
-0.825279274162,3.37651934849,R,3,0
-0.846022230553,3.35186648768,R,3,0
-0.864655749044,3.32468414649,R,3,0
-0.881281837218,3.29471231461,R,3,0
-0.895982592454,3.2616057004,R,3,0
-0.908824288347,3.22489313321,R,3,0
-0.919860384901,3.18390863244,R,3,0
-0.929133769792,3.13766578877,R,3,0
-0.936678436093,3.08460620666,R,3,0
-0.942520736078,3.02202425751,R,3,0
-0.946680307015,2.94445384694,R,3,0
-0.949170734804,2.83709926246,R,3,0
-0.95,2.49999854764,R,3,0
-0.949170734804,2.169510527,R,3,0
-0.946680307015,2.06426093437,R,3,0
-0.942520736078,1.98821151224,R,3,0
-0.936678436093,1.92685666013,R,3,0
-0.929133769792,1.874837462,R,3,0
-0.919860384901,1.82950134074,R,3,0
-0.908824288347,1.78932045764,R,3,0
-0.895982592454,1.7533277447,R,3,0
-0.881281837218,1.7208702798,R,3,0
-0.864655749044,1.69148613089,R,3,0
-0.846022230553,1.66483677678,R,3,0
-0.825279274162,1.6406673054,R,3,0
-0.802299329327,1.61878164366,R,3,0
-0.776921384376,1.59902644709,R,3,0
-0.748939562561,1.58128023901,R,3,0
-0.718086206214,1.56544586932,R,3,0
-0.684005868061,1.55144515004,R,3,0
-0.646213519483,1.53921496348,R,3,0
-0.604023592221,1.52870439533,R,3,0
-0.556420664905,1.5198726002,R,3,0
-0.501800506861,1.51268720372,R,3,0
-0.437377912144,1.5071231085,R,3,0
-0.357526018911,1.50316161237,R,3,0
-0.247013946654,1.50078977638,R,3,0
0.0999999876663,1.5,R,3,0
0.328028132524,1.50098712299,R,3,0
0.422162149724,1.50395045238,R,3,0
0.493916827019,1.50889594354,R,3,0
0.553806231294,1.51583377363,R,3,0
0.605862602929,1.5247787347,R,3,0
0.652126744578,1.53575081753,R,3,0
0.693791067081,1.54877602403,R,3,0
0.731617144735,1.56388746401,R,3,0
0.766121737314,1.58112681751,R,3,0
0.797671102615,1.60054628003,R,3,0
0.826533416926,1.62221116276,R,3,0
0.852909993571,1.64620340395,R,3,0
0.876954902403,1.67262638069,R,3,0
0.898787841885,1.70161162975,R,3,0
0.918502885176,1.73332845867,R,3,0
0.936174596067,1.76799809086,R,3,0
0.951862407754,1.80591522557,R,3,0
0.965613818135,1.84748234387,R,3,0
0.977466756045,1.89326731365,R,3,0
0.987451351424,1.94410702975,R,3,0
0.995591265997,2.00131183374,R,3,0
1.00190469138,2.06712436591,R,3,0
1.00640508833,2.14597565964,R,3,0
1.00910171808,2.24941963459,R,3,0
1.01,2.49999990447,R,3,0
0.97,2.5,R,3,1
0.969071607973,2.69934393227,R,3,1
0.966285035165,2.78963980533,R,3,1
0.961636030237,2.85997229566,R,3,1
0.955117300227,2.91948720915,R,3,1
0.946718186592,2.971742276,R,3,1
0.936424184561,3.01855233335,R,3,1
0.924216275119,3.06098237243,R,3,1
0.91007002443,3.09971385163,R,3,1
0.893954385246,3.13520911908,R,3,1
0.875830105519,3.16779528758,R,3,1
0.855647605737,3.19771109728,R,3,1
0.833344119283,3.22513495111,R,3,1
0.808839783666,3.25020260478,R,3,1
0.782032196216,3.27301881506,R,3,1
0.7527886519,3.29366528036,R,3,1
0.720934756852,3.31220621019,R,3,1
0.686237135867,3.32869232384,R,3,1
0.648376026978,3.3431637757,R,3,1
0.606899471926,3.35565232674,R,3,1
0.56114132598,3.36618297249,R,3,1
0.51006053029,3.3747751692,R,3,1
0.451883030588,3.38144375507,R,3,1
0.383131045659,3.38619963367,R,3,1
0.294864293344,3.38905026563,R,3,1
0.0999970753955,3.39,R,3,1
-0.265485854708,3.38936097617,R,3,1
-0.369920172832,3.38744160014,R,3,1
-0.443922256181,3.38423488681,R,3,1
-0.502891718469,3.37972895152,R,3,1
-0.552437690125,3.37390662985,R,3,1
-0.595312315254,3.36674491155,R,3,1
-0.633091210899,3.35821415017,R,3,1
-0.666767416247,3.34827699158,R,3,1
-0.697009371818,3.33688693841,R,3,1
-0.724289033463,3.3239864295,R,3,1
-0.748951844239,3.3095042563,R,3,1
-0.771257778835,3.29335204901,R,3,1
-0.791406796645,3.27541942316,R,3,1
-0.809555344162,3.25556714137,R,3,1
-0.825827448882,3.23361723978,R,3,1
-0.840322402709,3.20933834092,R,3,1
-0.853120215263,3.18242300046,R,3,1
-0.864285561991,3.1524511777,R,3,1
-0.873870687137,3.11882796058,R,3,1
-0.881917561634,3.08066954421,R,3,1
-0.888459496092,3.03657362944,R,3,1
-0.89352234473,2.984090808,R,3,1
-0.897125393414,2.91822895382,R,3,1
-0.899281995693,2.82528241069,R,3,1
-0.9,2.49999536635,R,3,1
-0.899281995693,2.15644329657,R,3,1
-0.897125393414,2.05827503754,R,3,1
-0.89352234473,1.98871307919,R,3,1
-0.888459496092,1.93328178464,R,3,1
-0.881917561634,1.88670857128,R,3,1
-0.873870687137,1.84640642366,R,3,1
-0.864285561991,1.81089426176,R,3,1
-0.853120215263,1.77923862873,R,3,1
-0.840322402709,1.75081119049,R,3,1
-0.825827448882,1.72516830854,R,3,1
-0.809555344162,1.70198526641,R,3,1
-0.791406796645,1.68101768789,R,3,1
-0.771257778835,1.66207761115,R,3,1
-0.748951844239,1.64501797649,R,3,1
-0.724289033463,1.62972219805,R,3,1
-0.697009371818,1.61609694145,R,3,1
-0.666767416247,1.60406699765,R,3,1
-0.633091210899,1.59357157173,R,3,1
-0.595312315254,1.58456155409,R,3,1
-0.552437690125,1.57699749206,R,3,1
-0.502891718469,1.57084807367,R,3,1
-0.443922256181,1.56608899595,R,3,1
-0.369920172832,1.56270213019,R,3,1
-0.265485854708,1.56067492405,R,3,1
0.0999999720595,1.56,R,3,1
0.332856229248,1.56088373088,R,3,1
0.423613766435,1.56353692857,R,3,1
0.491920909479,1.56796567965,R,3,1
0.548474141843,1.57418037103,R,3,1
0.597340368386,1.58219606918,R,3,1
0.640567712651,1.59203308367,R,3,1
0.679349264266,1.60371775181,R,3,1
0.714445764987,1.61728349888,R,3,1
0.746373087388,1.63277225283,R,3,1
0.775496943833,1.65023632841,R,3,1
0.80208536678,1.66974094849,R,3,1
0.826339880279,1.69136765345,R,3,1
0.848415044144,1.71521897993,R,3,1
0.868431249804,1.74142500601,R,3,1
0.886483398177,1.77015272735,R,3,1
0.902646957483,1.80161988259,R,3,1
0.916982293591,1.83611607001,R,3,1
0.929537825449,1.87403642712,R,3,1
0.940352358734,1.91593833346,R,3,1
0.94945682959,1.9626437399,R,3,1
0.956875614045,2.0154417318,R,3,1
0.962627509257,2.07654522424,R,3,1
0.966726459728,2.15034834431,R,3,1
0.969182078863,2.24840821208,R,3,1
0.97,2.49999980611,R,3,1
0.95,2.5,R,3,2
0.948983070696,2.65880708757,R,3,2
0.945931544061,2.741430652,R,3,2
0.940843150446,2.80806827378,R,3,2
0.933713925834,2.86572203095,R,3,2
0.924537929086,2.91717409088,R,3,2
0.913306823191,2.96385843855,R,3,2
0.900009294699,3.00661994133,R,3,2
0.884630273296,3.04599878276,R,3,2
0.867149896612,3.08235968977,R,3,2
0.847542140917,3.11595851355,R,3,2
0.825773002125,3.14697974722,R,3,2
0.801798056002,3.17555913886,R,3,2
0.775559138859,3.201798056,R,3,2
0.746979747216,3.22577300213,R,3,2
0.71595851355,3.24754214092,R,3,2
0.682359689772,3.26714989661,R,3,2
0.645998782761,3.2846302733,R,3,2
0.606619941327,3.3000092947,R,3,2
0.563858438546,3.31330682319,R,3,2
0.517174090882,3.32453792909,R,3,2
0.465722030954,3.33371392583,R,3,2
0.408068273782,3.34084315045,R,3,2
0.341430652001,3.34593154406,R,3,2
0.258807087575,3.3489830707,R,3,2
0.0999998225232,3.35,R,3,2
-0.201000990928,3.34925413282,R,3,2
-0.309239719023,3.34701455773,R,3,2
-0.389332950293,3.3432752876,R,3,2
-0.45493336331,3.33802611857,R,3,2
-0.511170973298,3.33125227744,R,3,2
-0.5606113298,3.32293389759,R,3,2
-0.604742319325,3.31304528864,R,3,2
-0.644510065817,3.30155394857,R,3,2
-0.680555228061,3.28841924401,R,3,2
-0.713331797447,3.27359065034,R,3,2
-0.743172658993,3.25700539288,R,3,2
-0.770328395298,3.23858525208,R,3,2
-0.794991540758,3.21823217088,R,3,2
-0.817312417257,3.19582209723,R,3,2
-0.837409846878,3.17119614352,R,3,2
-0.855378613326,3.1441475183,R,3,2
-0.871294784735,3.11440151063,R,3,2
-0.885219585054,3.0815834674,R,3,2
-0.897202252375,3.04516468964,R,3,2
-0.907282171484,3.00436439544,R,3,2
-0.915490473093,2.95795471729,R,3,2
-0.921851230862,2.90381845413,R,3,2
-0.926382346422,2.83772209822,R,3,2
-0.92909618448,2.74839887601,R,3,2
-0.93,2.49999561282,R,3,2
-0.929260455564,2.17471758931,R,3,2
-0.927039155217,2.08177104618,R,3,2
-0.923328015072,2.015909192,R,3,2
-0.918113280974,1.96342637056,R,3,2
-0.911375088483,1.91933045579,R,3,2
-0.903086807751,1.88117203942,R,3,2
-0.893214128851,1.8475488223,R,3,2
-0.881713821721,1.81757699954,R,3,2
-0.86853207479,1.79066165908,R,3,2
-0.853602272348,1.76638276022,R,3,2
-0.836842004487,1.74443285863,R,3,2
-0.818149000544,1.72458057684,R,3,2
-0.7973955122,1.70664795099,R,3,2
-0.774420399567,1.6904957437,R,3,2
-0.749017704467,1.6760135705,R,3,2
-0.720919652973,1.66311306159,R,3,2
-0.689770438735,1.65172300842,R,3,2
-0.655083947226,1.64178584983,R,3,2
-0.616171684712,1.63325508845,R,3,2
-0.572010820828,1.62609337015,R,3,2
-0.520978470024,1.62027104848,R,3,2
-0.460239923867,1.61576511319,R,3,2
-0.384017778017,1.61255839986,R,3,2
-0.276450430349,1.61063902383,R,3,2
0.0999999727018,1.61,R,3,2
0.327503212483,1.61083672392,R,3,2
0.416174369505,1.61334879407,R,3,2
0.482911233399,1.61754197329,R,3,2
0.538164391456,1.62342609598,R,3,2
0.585907256469,1.6310154272,R,3,2
0.628140868682,1.64032919624,R,3,2
0.666030890374,1.65139233948,R,3,2
0.700320574987,1.66423650426,R,3,2
0.731513935954,1.67890138832,R,3,2
0.759968278457,1.6954365237,R,3,2
0.785945473291,1.71390366399,R,3,2
0.809642411767,1.73438001231,R,3,2
0.831210100601,1.75696265121,R,3,2
0.850766163601,1.78177473973,R,3,2
0.868403320058,1.80897439079,R,3,2
0.884195303288,1.83876776118,R,3,2
0.898201091439,1.87142904501,R,3,2
0.910467990381,1.90733236184,R,3,2
0.921033913705,1.94700544338,R,3,2
0.929929086381,1.9912265197,R,3,2
0.937177324067,2.04121610777,R,3,2
0.942796991803,2.09906941444,R,3,2
0.946801713527,2.16894683664,R,3,2
0.949200881648,2.26179075399,R,3,2
0.95,2.49999981642,R,3,2
